No,Tanggal,Waktu (UTC),Lintang,Bujur,Kedalaman,Magnitude,Keterangan,Dirasakan
1,2026-02-01,01:15:06,-8.1,117.7205,24.6,2.22,55 km TimurLaut Kab. Sumbawa-NTB,
2,2026-02-01,02:50:08,-10.15,118.8394,14.7,2.82,82 km BaratDaya Kab. Sumba Barat-NTT,
3,2026-02-01,03:01:47,-9.36,117.1003,40.3,2.5,74 km Tenggara Kab. Sumbawa Barat-NTB,
4,2026-02-01,03:38:14,-8.8,116.9032,10.3,2.2,11 km Tenggara Kab. Sumbawa Barat-NTB,
5,2026-02-01,04:09:50,-10.19,115.4249,10.0,4.51,170 km Selatan Kota Denpasar-Bali,
6,2026-02-01,04:54:57,-8.49,118.5973,19.6,2.12,15 km Barat Kota Bima-NTB,
7,2026-02-01,05:45:27,-8.22,117.642,15.6,2.36,39 km TimurLaut Kab. Sumbawa-NTB,
8,2026-02-01,05:52:01,-8.16,117.6276,10.0,2.3,43 km TimurLaut Kab. Sumbawa-NTB,
9,2026-02-01,06:01:54,-8.56,118.1091,153.0,2.37,30 km Barat Kab. Bima-NTB,
10,2026-02-01,07:17:45,-9.3,117.037,52.3,2.81,65 km Selatan Kab. Sumbawa Barat-NTB,
11,2026-02-01,07:32:02,-8.1,115.1868,16.6,2.53,11 km Timur Kab. Buleleng-Bali,
12,2026-02-01,08:05:25,-8.46,117.8559,28.8,2.56,48 km Timur Kab. Sumbawa-NTB,
13,2026-02-01,08:34:05,-9.47,117.9676,32.1,3.5,107 km BaratDaya Kab. Bima-NTB,
14,2026-02-01,09:03:53,-8.48,117.4117,8.0,2.32,2 km BaratLaut Kab. Sumbawa-NTB,
15,2026-02-01,12:39:08,-9.0,118.6609,28.1,2.45,55 km Tenggara Kab. Bima-NTB,
16,2026-02-01,12:40:17,-8.65,118.3706,102.7,2.2,6 km Selatan Kab. Bima-NTB,
17,2026-02-01,13:01:16,-8.3,116.7616,14.4,3.09,47 km TimurLaut Kab. Lombok Timur-NTB,
18,2026-02-01,13:27:31,-8.64,116.3111,89.5,2.16,8 km TimurLaut Kab. Lombok Tengah-NTB,
19,2026-02-01,13:29:11,-8.4598,115.6838,11.2,3.55,"Bali Region, Indonesia",dirasakan di wilayah Kab Karangasem III MMI
20,2026-02-01,13:40:30,-7.73,118.7552,29.4,2.48,81 km Utara Kota Bima-NTB,
21,2026-02-01,14:44:04,-8.46,115.6974,11.5,2.06,9 km Timur Kab. Karangasem-Bali,
22,2026-02-01,16:15:04,-8.57,118.0281,106.8,2.18,38 km Barat Kab. Bima-NTB,
23,2026-02-01,16:16:32,-11.09,118.2217,10.0,3.22,206 km BaratDaya Kab. Sumba Barat-NTT,
24,2026-02-01,16:49:46,-8.21,117.5999,10.2,2.0,37 km TimurLaut Kab. Sumbawa-NTB,
25,2026-02-01,17:02:34,-8.8,117.8512,10.0,1.99,58 km Tenggara Kab. Sumbawa-NTB,
26,2026-02-01,18:38:00,-8.36,116.4048,16.8,1.74,17 km Timur Kab. Lombok Utara-NTB,
27,2026-02-01,18:48:47,-8.37,116.4098,10.1,2.16,18 km Timur Kab. Lombok Utara-NTB,
28,2026-02-01,19:17:43,-8.71,117.5778,219.8,2.01,30 km Tenggara Kab. Sumbawa-NTB,
29,2026-02-01,19:36:39,-9.4,117.0936,24.6,2.4,78 km Tenggara Kab. Sumbawa Barat-NTB,
30,2026-02-01,20:13:28,-8.71,117.0868,137.0,2.12,30 km Timur Kab. Sumbawa Barat-NTB,
31,2026-02-01,23:45:50,-8.56,116.2414,103.7,1.74,16 km Timur Kota Mataram-NTB,
32,2026-02-02,00:22:50,-9.1,116.8723,10.0,2.54,39 km Selatan Kab. Sumbawa Barat-NTB,
33,2026-02-02,01:40:06,-8.09,117.7229,22.9,2.45,56 km TimurLaut Kab. Sumbawa-NTB,
34,2026-02-02,02:11:30,-8.71,117.1467,137.6,3.19,36 km Timur Kab. Sumbawa Barat-NTB,
35,2026-02-02,02:27:52,-8.24,117.7679,19.9,2.74,47 km TimurLaut Kab. Sumbawa-NTB,
36,2026-02-02,02:33:14,-9.53,117.1013,20.6,2.45,91 km Selatan Kab. Sumbawa Barat-NTB,
37,2026-02-02,03:08:25,-8.31,119.2964,10.0,2.22,65 km Timur Kota Bima-NTB,
38,2026-02-02,03:33:00,-7.97,117.6735,12.4,2.08,64 km TimurLaut Kab. Sumbawa-NTB,
39,2026-02-02,03:59:25,-8.29,117.726,59.1,2.13,40 km TimurLaut Kab. Sumbawa-NTB,
40,2026-02-02,05:56:25,-8.72,117.367,112.3,1.92,26 km Selatan Kab. Sumbawa-NTB,
41,2026-02-02,06:24:09,-8.69,117.9429,10.0,1.62,49 km Barat Kab. Bima-NTB,
42,2026-02-02,08:13:20,-9.4,115.4087,25.6,2.71,84 km Selatan Kota Denpasar-Bali,
43,2026-02-02,10:45:10,-9.46,117.1696,24.2,2.24,87 km Tenggara Kab. Sumbawa Barat-NTB,
44,2026-02-02,12:02:09,-8.19,117.643,33.6,1.96,41 km TimurLaut Kab. Sumbawa-NTB,
45,2026-02-02,12:38:49,-9.03,117.8384,11.4,1.92,75 km Tenggara Kab. Sumbawa-NTB,
46,2026-02-02,12:55:18,-9.04,117.7454,21.5,1.82,70 km Tenggara Kab. Sumbawa-NTB,
47,2026-02-02,13:07:15,-8.23,117.7588,19.8,2.36,47 km TimurLaut Kab. Sumbawa-NTB,
48,2026-02-02,13:39:52,-7.75,115.8934,307.2,2.93,77 km BaratLaut Kab. Lombok Utara-NTB,
49,2026-02-02,13:45:25,-9.28,118.0848,23.1,2.04,82 km BaratDaya Kab. Bima-NTB,
50,2026-02-02,15:17:54,-8.39,117.8968,46.7,1.86,54 km Timur Kab. Sumbawa-NTB,
51,2026-02-02,16:23:50,-8.84,118.691,18.0,1.83,42 km Tenggara Kab. Dompu-NTB,
52,2026-02-02,17:11:33,-8.39,116.9554,13.1,3.07,43 km Utara Kab. Sumbawa Barat-NTB,
53,2026-02-02,17:52:44,-8.26,117.7635,24.3,2.3,46 km TimurLaut Kab. Sumbawa-NTB,
54,2026-02-02,17:59:45,-8.71,117.7352,113.8,1.81,42 km Tenggara Kab. Sumbawa-NTB,
55,2026-02-02,18:29:17,-8.26,117.7387,13.7,1.94,43 km TimurLaut Kab. Sumbawa-NTB,
56,2026-02-02,18:36:56,-8.23,117.7841,10.0,2.13,49 km TimurLaut Kab. Sumbawa-NTB,
57,2026-02-02,19:30:56,-8.33,116.9816,10.0,4.36,50 km Utara Kab. Sumbawa Barat-NTB,
58,2026-02-02,19:31:39,-8.37,116.9531,10.0,3.98,45 km Utara Kab. Sumbawa Barat-NTB,
59,2026-02-02,19:50:29,-8.79,117.0477,134.2,2.08,26 km Timur Kab. Sumbawa Barat-NTB,
60,2026-02-02,20:02:05,-9.12,116.884,10.0,2.17,41 km Selatan Kab. Sumbawa Barat-NTB,
61,2026-02-02,20:03:54,-8.36,116.9316,10.0,2.17,45 km Utara Kab. Sumbawa Barat-NTB,
62,2026-02-02,20:12:04,-8.39,116.9554,10.0,2.01,43 km Utara Kab. Sumbawa Barat-NTB,
63,2026-02-02,20:23:16,-8.46,119.0471,15.8,1.75,35 km Timur Kota Bima-NTB,
64,2026-02-02,20:48:01,-8.26,117.7682,21.8,1.86,46 km TimurLaut Kab. Sumbawa-NTB,
65,2026-02-02,21:02:16,-8.77,118.4469,109.9,1.77,21 km Selatan Kab. Bima-NTB,
66,2026-02-02,21:21:36,-8.14,117.7063,17.2,2.31,50 km TimurLaut Kab. Sumbawa-NTB,
67,2026-02-02,22:33:29,-8.44,118.0577,24.9,1.83,39 km BaratLaut Kab. Bima-NTB,
68,2026-02-02,22:59:14,-8.39,116.9528,12.3,3.44,43 km Utara Kab. Sumbawa Barat-NTB,
69,2026-02-02,23:30:31,-9.66,118.4275,31.3,2.48,94 km Barat Kab. Sumba Barat Daya-NTT,
70,2026-02-03,00:13:11,-8.24,117.7727,10.0,2.11,48 km TimurLaut Kab. Sumbawa-NTB,
71,2026-02-03,02:07:09,-8.79,116.0871,10.0,2.04,13 km Selatan Kab. Lombok Barat-NTB,
72,2026-02-03,02:50:39,-8.49,117.3706,14.4,1.78,5 km Barat Kab. Sumbawa-NTB,
73,2026-02-03,04:07:54,-8.46,116.8591,28.1,2.32,33 km Utara Kab. Sumbawa Barat-NTB,
74,2026-02-03,04:13:24,-8.79,116.9004,10.0,2.14,10 km Tenggara Kab. Sumbawa Barat-NTB,
75,2026-02-03,04:56:07,-8.29,117.4435,27.8,2.36,23 km Utara Kab. Sumbawa-NTB,
76,2026-02-03,06:22:43,-8.2,117.6783,10.0,2.15,43 km TimurLaut Kab. Sumbawa-NTB,
77,2026-02-03,06:31:59,-8.86,118.5978,10.0,1.69,38 km Tenggara Kab. Bima-NTB,
78,2026-02-03,07:45:15,-8.38,116.5252,10.0,1.92,30 km Utara Kab. Lombok Timur-NTB,
79,2026-02-03,09:00:26,-9.37,117.0978,36.1,2.78,75 km Tenggara Kab. Sumbawa Barat-NTB,
80,2026-02-03,09:22:33,-8.69,118.1342,12.4,1.75,29 km Barat Kab. Bima-NTB,
81,2026-02-03,09:56:06,-8.24,117.8008,65.3,2.18,50 km TimurLaut Kab. Sumbawa-NTB,
82,2026-02-03,10:14:29,-9.38,117.067,40.0,2.27,75 km Selatan Kab. Sumbawa Barat-NTB,
83,2026-02-03,11:26:02,-8.22,117.7618,25.6,2.93,48 km TimurLaut Kab. Sumbawa-NTB,
84,2026-02-03,12:28:18,-8.36,116.9669,10.0,2.73,46 km Utara Kab. Sumbawa Barat-NTB,
85,2026-02-03,13:23:46,-11.01,118.3932,11.0,3.29,188 km BaratDaya Kab. Sumba Barat-NTT,
86,2026-02-03,13:29:06,-9.45,117.1055,26.2,2.27,83 km Selatan Kab. Sumbawa Barat-NTB,
87,2026-02-03,13:49:44,-11.03,118.3944,10.0,3.02,189 km BaratDaya Kab. Sumba Barat-NTT,
88,2026-02-03,15:00:48,-7.63,117.7238,10.0,2.39,101 km Utara Kab. Sumbawa-NTB,
89,2026-02-03,15:14:39,-8.46,118.7311,109.7,1.86,0 km Timur Kota Bima-NTB,
90,2026-02-03,15:17:28,-8.69,118.0965,80.2,1.69,33 km Barat Kab. Bima-NTB,
91,2026-02-03,15:17:28,-8.69,118.0965,80.2,1.69,33 km Barat Kab. Bima-NTB,
92,2026-02-03,15:22:28,-8.08,117.8561,10.0,2.3,66 km TimurLaut Kab. Sumbawa-NTB,
93,2026-02-03,15:38:34,-8.8,119.0013,103.8,2.48,48 km Tenggara Kota Bima-NTB,
94,2026-02-03,16:35:00,-7.91,117.4474,10.0,2.31,64 km Utara Kab. Sumbawa-NTB,
95,2026-02-03,16:41:22,-7.83,119.0535,27.2,3.22,78 km TimurLaut Kota Bima-NTB,
96,2026-02-03,16:50:18,-8.63,116.1928,93.9,2.37,9 km TimurLaut Kab. Lombok Barat-NTB,
97,2026-02-03,17:23:43,-9.63,118.0842,28.2,2.46,119 km Selatan Kab. Bima-NTB,
98,2026-02-03,18:06:58,-7.86,117.2767,10.0,2.27,72 km Utara Kab. Sumbawa-NTB,
99,2026-02-03,18:27:01,-8.21,117.6877,15.6,2.1,43 km TimurLaut Kab. Sumbawa-NTB,
100,2026-02-03,19:35:09,-9.08,116.8739,10.0,2.52,37 km Selatan Kab. Sumbawa Barat-NTB,
101,2026-02-03,20:02:35,-8.91,118.9619,10.0,2.02,56 km Tenggara Kota Bima-NTB,
102,2026-02-04,01:17:29,-9.43,117.0961,31.4,2.94,81 km Selatan Kab. Sumbawa Barat-NTB,
103,2026-02-04,02:49:52,-7.78,118.5088,10.0,2.22,79 km Utara Kota Bima-NTB,
104,2026-02-04,03:54:40,-9.34,117.1776,34.4,2.4,76 km Tenggara Kab. Sumbawa Barat-NTB,
105,2026-02-04,05:23:08,-8.64,116.1186,87.6,2.57,4 km Utara Kab. Lombok Barat-NTB,
106,2026-02-04,06:40:17,-8.22,117.7799,24.5,2.26,50 km TimurLaut Kab. Sumbawa-NTB,
107,2026-02-04,06:46:28,-7.59,118.9036,49.9,2.61,98 km Utara Kota Bima-NTB,
108,2026-02-04,07:11:15,-8.89,116.8735,10.0,2.59,16 km Selatan Kab. Sumbawa Barat-NTB,
109,2026-02-04,08:23:40,-7.87,117.2316,24.9,2.53,72 km Utara Kab. Sumbawa-NTB,
110,2026-02-04,08:56:49,-9.47,117.0942,29.2,2.4,85 km Selatan Kab. Sumbawa Barat-NTB,
111,2026-02-04,09:30:13,-9.55,116.5084,28.2,2.77,94 km Selatan Kab. Sumbawa Barat-NTB,
112,2026-02-04,10:22:52,-8.92,117.6827,10.0,1.8,55 km Tenggara Kab. Sumbawa-NTB,
113,2026-02-04,10:41:22,-8.16,117.7081,31.7,2.36,49 km TimurLaut Kab. Sumbawa-NTB,
114,2026-02-04,12:34:18,-8.18,117.8373,25.8,2.24,57 km TimurLaut Kab. Sumbawa-NTB,
115,2026-02-04,13:12:18,-8.24,117.7202,10.0,1.93,43 km TimurLaut Kab. Sumbawa-NTB,
116,2026-02-04,13:32:33,-8.09,117.6399,10.0,2.07,51 km TimurLaut Kab. Sumbawa-NTB,
117,2026-02-04,13:45:55,-8.76,119.1151,99.2,2.75,54 km Tenggara Kota Bima-NTB,
118,2026-02-04,14:26:01,-10.92,118.4301,10.0,3.19,177 km BaratDaya Kab. Sumba Barat-NTT,
119,2026-02-04,14:52:00,-8.59,118.3452,108.8,2.23,3 km Barat Kab. Bima-NTB,
120,2026-02-04,15:29:53,-7.96,117.7743,12.7,2.36,71 km TimurLaut Kab. Sumbawa-NTB,
121,2026-02-04,16:02:26,-8.57,118.3913,113.5,1.74,3 km TimurLaut Kab. Bima-NTB,
122,2026-02-04,16:13:51,-8.73,119.0723,103.1,2.18,48 km Tenggara Kota Bima-NTB,
123,2026-02-04,17:16:39,-8.87,118.9268,2.5,2.12,50 km Tenggara Kota Bima-NTB,
124,2026-02-04,17:24:25,-8.01,117.8035,22.4,2.09,68 km TimurLaut Kab. Sumbawa-NTB,
125,2026-02-04,17:57:12,-8.39,117.1583,12.3,2.08,31 km Barat Kab. Sumbawa-NTB,
126,2026-02-04,19:07:12,-7.58,117.479,12.6,2.54,101 km Utara Kab. Sumbawa-NTB,
127,2026-02-04,19:42:53,-7.92,117.6252,10.0,2.22,67 km Utara Kab. Sumbawa-NTB,
128,2026-02-04,20:24:06,-8.58,118.3941,111.5,2.33,3 km TimurLaut Kab. Bima-NTB,
129,2026-02-04,21:01:32,-7.87,119.0896,30.8,2.47,77 km TimurLaut Kota Bima-NTB,
130,2026-02-04,21:31:27,-7.9,119.0172,30.8,2.2,70 km TimurLaut Kota Bima-NTB,
131,2026-02-04,22:17:56,-8.81,116.6153,18.4,1.29,20 km Tenggara Kab. Lombok Timur-NTB,
132,2026-02-04,22:37:33,-9.43,118.001,33.7,2.64,101 km BaratDaya Kab. Bima-NTB,
133,2026-02-04,23:05:57,-7.81,117.1991,10.0,2.29,79 km Utara Kab. Sumbawa-NTB,
134,2026-02-04,23:16:16,-8.26,117.7038,28.2,2.02,40 km TimurLaut Kab. Sumbawa-NTB,
135,2026-02-04,23:40:20,-8.73,118.3022,100.5,1.86,17 km BaratDaya Kab. Bima-NTB,
136,2026-02-05,01:19:33,-9.44,117.1662,15.4,2.12,85 km Tenggara Kab. Sumbawa Barat-NTB,
137,2026-02-05,01:57:56,-7.76,117.8444,51.0,2.07,94 km TimurLaut Kab. Sumbawa-NTB,
138,2026-02-05,02:33:57,-8.4,118.128,145.0,4.21,35 km BaratLaut Kab. Bima-NTB,
139,2026-02-05,04:50:30,-8.3,117.715,30.1,1.85,39 km TimurLaut Kab. Sumbawa-NTB,
140,2026-02-05,05:19:48,-8.22,117.7552,20.1,2.13,48 km TimurLaut Kab. Sumbawa-NTB,
141,2026-02-05,06:00:07,-9.08,116.8661,14.1,2.83,37 km Selatan Kab. Sumbawa Barat-NTB,
142,2026-02-05,07:11:40,-10.33,118.7896,10.0,2.82,101 km BaratDaya Kab. Sumba Barat-NTT,
143,2026-02-05,09:03:38,-8.37,116.9755,15.2,2.27,46 km Utara Kab. Sumbawa Barat-NTB,
144,2026-02-05,09:16:34,-8.59,118.3869,109.0,2.61,1 km TimurLaut Kab. Bima-NTB,
145,2026-02-05,10:44:30,-7.8,119.0427,32.5,2.5,81 km TimurLaut Kota Bima-NTB,
146,2026-02-05,11:50:15,-8.99,118.9646,13.6,2.27,56 km BaratLaut Kab. Sumba Barat Daya-NTT,
147,2026-02-05,12:09:11,-8.82,117.9799,130.1,1.7,50 km BaratDaya Kab. Bima-NTB,
148,2026-02-05,12:17:35,-8.44,117.9931,118.8,1.77,46 km Barat Kab. Bima-NTB,
149,2026-02-05,12:56:00,-8.19,118.0325,21.3,2.65,59 km BaratLaut Kab. Bima-NTB,
150,2026-02-05,13:00:23,-8.24,117.7482,25.9,1.95,46 km TimurLaut Kab. Sumbawa-NTB,
151,2026-02-05,14:01:31,-10.35,118.7681,11.6,2.88,104 km BaratDaya Kab. Sumba Barat-NTT,
152,2026-02-05,16:05:17,-7.86,117.6347,10.0,2.23,74 km Utara Kab. Sumbawa-NTB,
153,2026-02-05,16:13:21,-8.51,118.7492,16.8,1.27,6 km Tenggara Kota Bima-NTB,
154,2026-02-05,16:50:11,-10.82,117.766,116.1,2.92,218 km BaratDaya Kab. Sumba Barat-NTT,
155,2026-02-05,18:21:39,-7.8,118.7513,18.5,2.49,73 km Utara Kota Bima-NTB,
156,2026-02-05,19:11:12,-8.94,118.4374,93.3,2.06,39 km Selatan Kab. Bima-NTB,
157,2026-02-05,19:30:05,-7.77,117.9055,58.3,2.13,96 km TimurLaut Kab. Sumbawa-NTB,
158,2026-02-05,20:42:39,-10.6,115.1651,10.0,3.23,213 km Selatan Kota Denpasar-Bali,
159,2026-02-05,22:26:12,-8.59,118.5085,10.4,1.8,8 km Tenggara Kab. Dompu-NTB,
160,2026-02-05,23:17:28,-9.83,115.8195,28.1,2.82,132 km Selatan Kab. Lombok Barat-NTB,
161,2026-02-05,23:27:56,-8.92,117.8621,10.0,1.54,67 km BaratDaya Kab. Bima-NTB,
162,2026-02-05,23:43:50,-8.41,118.9704,157.1,2.1,27 km Timur Kota Bima-NTB,
163,2026-02-06,00:02:53,-8.52,119.051,10.0,2.09,36 km Timur Kota Bima-NTB,
164,2026-02-06,00:08:21,-8.2,117.6977,10.0,2.4,44 km TimurLaut Kab. Sumbawa-NTB,
165,2026-02-06,03:11:53,-8.19,117.7851,34.1,2.01,52 km TimurLaut Kab. Sumbawa-NTB,
166,2026-02-06,03:18:26,-8.13,117.6651,10.0,2.13,48 km TimurLaut Kab. Sumbawa-NTB,
167,2026-02-06,03:49:49,-9.84,118.1347,144.7,2.53,131 km Barat Kab. Sumba Barat Daya-NTT,
168,2026-02-06,03:53:02,-8.9,116.8607,10.0,2.46,17 km Selatan Kab. Sumbawa Barat-NTB,
169,2026-02-06,04:51:44,-8.59,115.4286,88.8,2.85,6 km Tenggara Kab. Klungkung-Bali,
170,2026-02-06,06:08:20,-9.5,117.1348,26.5,2.57,90 km Tenggara Kab. Sumbawa Barat-NTB,
171,2026-02-06,06:30:30,-8.58,118.7762,91.7,2.57,14 km Selatan Kota Bima-NTB,
172,2026-02-06,08:29:02,-8.15,117.7119,12.8,2.56,50 km TimurLaut Kab. Sumbawa-NTB,
173,2026-02-06,13:26:40,-9.49,115.6512,26.4,2.61,103 km Tenggara Kota Denpasar-Bali,
174,2026-02-06,13:46:06,-7.8,118.9017,27.9,2.22,76 km Utara Kota Bima-NTB,
175,2026-02-06,14:53:15,-8.3,116.741,11.2,2.46,46 km TimurLaut Kab. Lombok Timur-NTB,
176,2026-02-06,15:15:49,-9.36,115.0898,79.0,2.5,77 km Selatan Kota Denpasar-Bali,
177,2026-02-06,16:07:31,-8.2,117.7007,30.6,1.95,45 km TimurLaut Kab. Sumbawa-NTB,
178,2026-02-06,16:15:33,-8.08,117.2369,18.9,2.17,50 km BaratLaut Kab. Sumbawa-NTB,
179,2026-02-06,16:26:28,-9.99,118.7708,10.0,2.45,75 km BaratDaya Kab. Sumba Barat-NTT,
180,2026-02-06,17:00:27,-8.03,117.1003,23.7,2.42,62 km BaratLaut Kab. Sumbawa-NTB,
181,2026-02-06,18:51:46,-9.98,118.8336,10.0,2.47,69 km BaratDaya Kab. Sumba Barat-NTT,
182,2026-02-06,19:35:41,-8.21,117.6881,10.0,2.23,43 km TimurLaut Kab. Sumbawa-NTB,
183,2026-02-06,19:43:48,-8.43,115.6517,12.3,2.04,5 km TimurLaut Kab. Karangasem-Bali,
184,2026-02-06,19:53:42,-8.32,117.966,115.1,2.5,54 km BaratLaut Kab. Bima-NTB,
185,2026-02-06,22:54:59,-8.6,115.9989,107.7,2.19,11 km Barat Kota Mataram-NTB,
186,2026-02-06,23:42:48,-8.37,116.5275,17.6,1.97,31 km Timur Kab. Lombok Utara-NTB,
187,2026-02-07,00:24:37,-7.84,117.2985,20.3,2.48,73 km Utara Kab. Sumbawa-NTB,
188,2026-02-07,00:32:06,-9.33,117.0671,43.0,2.8,69 km Tenggara Kab. Sumbawa Barat-NTB,
189,2026-02-07,01:30:10,-9.41,117.0801,38.2,2.3,78 km Selatan Kab. Sumbawa Barat-NTB,
190,2026-02-07,02:49:19,-7.9,118.0414,13.7,2.13,84 km BaratLaut Kab. Dompu-NTB,
191,2026-02-07,02:51:32,-9.54,118.1095,27.9,2.31,109 km Selatan Kab. Bima-NTB,
192,2026-02-07,04:13:49,-8.64,117.3362,9.0,2.26,19 km BaratDaya Kab. Sumbawa-NTB,
193,2026-02-07,04:17:37,-7.98,117.5679,26.3,2.17,59 km Utara Kab. Sumbawa-NTB,
194,2026-02-07,04:53:58,-8.04,117.6912,11.0,2.15,58 km TimurLaut Kab. Sumbawa-NTB,
195,2026-02-07,07:39:52,-8.87,116.9261,10.0,2.2,18 km Tenggara Kab. Sumbawa Barat-NTB,
196,2026-02-07,08:39:41,-9.0,117.8442,11.0,1.99,73 km Tenggara Kab. Sumbawa-NTB,
197,2026-02-07,09:08:02,-11.04,118.1504,11.0,3.4,206 km BaratDaya Kab. Sumba Barat-NTT,
198,2026-02-07,11:13:16,-8.53,118.1542,41.9,2.09,25 km Barat Kab. Bima-NTB,
199,2026-02-07,13:34:19,-7.91,118.673,30.5,2.24,61 km Utara Kota Bima-NTB,
200,2026-02-07,15:19:38,-7.82,118.904,31.8,2.15,73 km Utara Kota Bima-NTB,
201,2026-02-07,15:33:59,-11.25,118.0215,28.3,3.56,233 km BaratDaya Kab. Sumba Barat-NTT,
202,2026-02-07,16:25:53,-9.63,118.1633,60.3,2.8,117 km Selatan Kab. Bima-NTB,
203,2026-02-07,17:29:02,-8.45,118.4649,115.1,1.81,10 km Utara Kab. Dompu-NTB,
204,2026-02-07,17:53:30,-8.98,118.4344,80.9,1.68,43 km Selatan Kab. Bima-NTB,
205,2026-02-07,18:49:07,-9.45,117.0734,30.2,2.26,82 km Selatan Kab. Sumbawa Barat-NTB,
206,2026-02-07,19:10:31,-8.2,118.3188,128.2,2.15,41 km BaratLaut Kab. Dompu-NTB,
207,2026-02-07,19:38:01,-7.88,119.4703,249.3,2.54,82 km BaratLaut Kab. Manggarai Barat-NTT,
208,2026-02-07,19:38:01,-7.9,119.4304,253.3,2.46,83 km BaratLaut Kab. Manggarai Barat-NTT,
209,2026-02-07,20:05:18,-8.38,117.8401,50.9,1.93,48 km Timur Kab. Sumbawa-NTB,
210,2026-02-07,20:13:13,-8.16,117.6976,10.0,2.18,48 km TimurLaut Kab. Sumbawa-NTB,
211,2026-02-07,21:13:09,-8.78,117.7976,10.0,2.24,52 km Tenggara Kab. Sumbawa-NTB,
212,2026-02-07,21:39:00,-8.83,116.5897,18.4,1.51,21 km Selatan Kab. Lombok Timur-NTB,
213,2026-02-07,21:55:46,-7.95,117.5424,10.0,2.32,61 km Utara Kab. Sumbawa-NTB,
214,2026-02-07,22:02:53,-8.67,118.3683,120.1,1.86,8 km Selatan Kab. Bima-NTB,
215,2026-02-07,22:07:15,-8.44,116.5723,32.6,1.98,24 km Utara Kab. Lombok Timur-NTB,
216,2026-02-07,22:23:30,-8.17,117.7886,27.0,2.24,54 km TimurLaut Kab. Sumbawa-NTB,
217,2026-02-07,22:25:41,-9.38,118.5135,38.0,2.24,81 km Barat Kab. Sumba Barat Daya-NTT,
218,2026-02-07,22:50:52,-8.56,115.8818,180.8,2.51,24 km Barat Kota Mataram-NTB,
219,2026-02-08,03:19:26,-8.65,117.074,12.4,2.28,30 km Timur Kab. Sumbawa Barat-NTB,
220,2026-02-08,03:51:12,-8.33,118.2977,115.1,1.98,29 km BaratLaut Kab. Dompu-NTB,
221,2026-02-08,03:57:59,-8.64,116.4064,106.5,2.17,13 km Barat Kab. Lombok Timur-NTB,
222,2026-02-08,07:11:26,-9.15,117.9913,112.4,2.07,75 km BaratDaya Kab. Bima-NTB,
223,2026-02-08,07:48:55,-9.21,117.039,53.6,2.37,56 km Tenggara Kab. Sumbawa Barat-NTB,
224,2026-02-08,09:54:17,-8.56,118.381,111.6,1.61,4 km Utara Kab. Bima-NTB,
225,2026-02-08,10:01:21,-8.16,117.6909,10.0,2.27,47 km TimurLaut Kab. Sumbawa-NTB,
226,2026-02-08,10:13:35,-8.09,117.7445,10.0,2.17,57 km TimurLaut Kab. Sumbawa-NTB,
227,2026-02-08,10:15:50,-11.02,117.6388,10.0,3.15,243 km BaratDaya Kab. Sumba Barat-NTT,
228,2026-02-08,10:46:05,-7.99,117.5854,10.0,2.4,58 km Utara Kab. Sumbawa-NTB,
229,2026-02-08,11:48:04,-9.55,117.5168,25.1,2.42,117 km Tenggara Kab. Sumbawa Barat-NTB,
230,2026-02-08,13:55:20,-8.24,117.757,21.7,2.62,46 km TimurLaut Kab. Sumbawa-NTB,
231,2026-02-08,13:55:48,-8.75,119.2788,0.5,2.88,69 km Tenggara Kota Bima-NTB,
232,2026-02-08,15:18:24,-8.18,117.8834,11.0,2.15,62 km TimurLaut Kab. Sumbawa-NTB,
233,2026-02-08,15:56:29,-7.82,118.7983,25.0,2.24,71 km Utara Kota Bima-NTB,
234,2026-02-08,16:24:39,-7.86,117.3325,19.5,2.42,71 km Utara Kab. Sumbawa-NTB,
235,2026-02-08,17:10:33,-9.12,117.8626,12.1,2.21,81 km BaratDaya Kab. Bima-NTB,
236,2026-02-08,17:26:42,-9.3,118.1987,11.7,2.99,80 km Selatan Kab. Bima-NTB,
237,2026-02-08,17:47:49,-8.54,117.1928,11.0,1.8,26 km Barat Kab. Sumbawa-NTB,
238,2026-02-08,18:07:43,-8.26,117.6998,24.5,2.04,40 km TimurLaut Kab. Sumbawa-NTB,
239,2026-02-08,19:21:05,-7.79,118.7863,20.2,2.57,74 km Utara Kota Bima-NTB,
240,2026-02-08,20:06:09,-7.92,118.9467,35.1,2.04,64 km Utara Kota Bima-NTB,
241,2026-02-08,20:29:45,-8.71,118.8287,11.0,1.85,30 km Selatan Kota Bima-NTB,
242,2026-02-08,20:45:21,-7.97,117.6051,10.0,2.59,61 km Utara Kab. Sumbawa-NTB,
243,2026-02-08,21:23:26,-7.69,118.7241,30.5,2.02,85 km Utara Kota Bima-NTB,
244,2026-02-08,21:31:07,-8.53,116.3324,118.2,2.41,20 km Utara Kab. Lombok Tengah-NTB,
245,2026-02-08,21:39:18,-8.12,117.77,11.7,2.28,56 km TimurLaut Kab. Sumbawa-NTB,
246,2026-02-08,21:51:53,-8.23,117.747,19.8,1.89,46 km TimurLaut Kab. Sumbawa-NTB,
247,2026-02-08,21:54:20,-8.16,117.8129,12.2,2.39,57 km TimurLaut Kab. Sumbawa-NTB,
248,2026-02-08,21:55:35,-8.13,117.8078,11.0,2.16,59 km TimurLaut Kab. Sumbawa-NTB,
249,2026-02-08,22:09:08,-9.46,117.1589,29.8,2.27,87 km Tenggara Kab. Sumbawa Barat-NTB,
250,2026-02-08,22:19:03,-8.36,119.117,65.1,1.92,44 km Timur Kota Bima-NTB,
251,2026-02-08,22:28:37,-8.68,118.3776,115.3,1.2,9 km Selatan Kab. Bima-NTB,
252,2026-02-08,22:39:39,-9.59,117.1752,10.8,2.43,101 km Tenggara Kab. Sumbawa Barat-NTB,
253,2026-02-08,23:26:27,-8.67,116.1293,88.8,2.23,1 km Utara Kab. Lombok Barat-NTB,
254,2026-02-09,01:47:59,-9.79,118.2219,11.8,2.64,120 km Barat Kab. Sumba Barat Daya-NTT,
255,2026-02-09,02:02:06,-8.23,115.0479,11.4,2.04,14 km Selatan Kab. Buleleng-Bali,
256,2026-02-09,02:58:15,-8.35,116.7977,10.0,2.82,45 km Utara Kab. Sumbawa Barat-NTB,
257,2026-02-09,06:38:27,-7.95,116.4268,10.0,2.3,49 km TimurLaut Kab. Lombok Utara-NTB,
258,2026-02-09,07:08:53,-8.94,116.8444,10.0,2.15,21 km Selatan Kab. Sumbawa Barat-NTB,
259,2026-02-09,08:20:35,-8.29,118.7742,143.1,1.81,20 km Utara Kota Bima-NTB,
260,2026-02-09,09:30:54,-8.85,119.0316,73.4,2.08,55 km Tenggara Kota Bima-NTB,
261,2026-02-09,11:41:10,-8.71,116.0117,116.6,2.14,14 km Barat Kab. Lombok Barat-NTB,
262,2026-02-09,13:22:55,-9.74,118.1275,13.2,2.86,129 km Barat Kab. Sumba Barat Daya-NTT,
263,2026-02-09,14:01:53,-9.33,117.889,26.8,2.12,97 km BaratDaya Kab. Bima-NTB,
264,2026-02-09,14:32:11,-7.95,117.7967,11.6,2.46,73 km TimurLaut Kab. Sumbawa-NTB,
265,2026-02-09,14:40:49,-7.79,119.0619,26.1,2.39,83 km TimurLaut Kota Bima-NTB,
266,2026-02-09,14:48:39,-9.65,117.7938,29.5,2.51,133 km BaratDaya Kab. Bima-NTB,
267,2026-02-09,16:01:36,-7.99,118.3705,19.5,1.97,61 km Utara Kab. Dompu-NTB,
268,2026-02-09,16:15:26,-8.77,117.7065,101.3,3.1,44 km Tenggara Kab. Sumbawa-NTB,
269,2026-02-09,16:52:41,-8.18,117.7307,13.6,2.77,49 km TimurLaut Kab. Sumbawa-NTB,
270,2026-02-09,19:18:33,-7.97,117.4684,10.0,2.27,58 km Utara Kab. Sumbawa-NTB,
271,2026-02-09,19:28:00,-8.54,118.3958,112.6,2.36,6 km Utara Kab. Bima-NTB,
272,2026-02-09,20:45:14,-7.88,118.9156,27.6,2.3,67 km Utara Kota Bima-NTB,
273,2026-02-09,21:00:39,-9.42,117.0868,32.9,2.48,79 km Selatan Kab. Sumbawa Barat-NTB,
274,2026-02-09,22:03:47,-8.68,117.5659,252.7,2.26,26 km Tenggara Kab. Sumbawa-NTB,
275,2026-02-10,02:28:21,-9.36,117.136,31.2,2.3,76 km Tenggara Kab. Sumbawa Barat-NTB,
276,2026-02-10,03:03:17,-8.7,118.5995,103.3,2.1,23 km Tenggara Kab. Dompu-NTB,
277,2026-02-10,04:24:12,-9.24,117.9793,47.3,2.61,84 km BaratDaya Kab. Bima-NTB,
278,2026-02-10,04:45:50,-8.18,117.7052,29.8,2.19,47 km TimurLaut Kab. Sumbawa-NTB,
279,2026-02-10,05:17:35,-8.17,117.7956,13.3,2.41,55 km TimurLaut Kab. Sumbawa-NTB,
280,2026-02-10,05:52:28,-8.37,117.7859,104.1,1.67,42 km Timur Kab. Sumbawa-NTB,
281,2026-02-10,06:25:29,-8.13,117.6815,15.1,2.28,49 km TimurLaut Kab. Sumbawa-NTB,
282,2026-02-10,06:26:56,-11.13,117.8768,10.0,3.81,233 km BaratDaya Kab. Sumba Barat-NTT,
283,2026-02-10,07:06:40,-7.96,117.5749,10.0,2.31,61 km Utara Kab. Sumbawa-NTB,
284,2026-02-10,07:39:39,-8.28,117.7838,29.4,1.98,46 km TimurLaut Kab. Sumbawa-NTB,
285,2026-02-10,07:44:42,-11.04,118.377,10.0,2.95,191 km BaratDaya Kab. Sumba Barat-NTT,
286,2026-02-10,08:23:19,-8.15,117.6838,10.0,2.17,48 km TimurLaut Kab. Sumbawa-NTB,
287,2026-02-10,08:45:48,-8.22,117.8583,137.4,2.17,57 km TimurLaut Kab. Sumbawa-NTB,
288,2026-02-10,08:54:34,-8.19,117.7516,27.4,2.08,50 km TimurLaut Kab. Sumbawa-NTB,
289,2026-02-10,10:04:42,-9.39,117.0724,30.8,2.33,76 km Selatan Kab. Sumbawa Barat-NTB,
290,2026-02-10,10:10:51,-8.09,117.6741,10.0,2.13,53 km TimurLaut Kab. Sumbawa-NTB,
291,2026-02-10,11:54:12,-8.66,116.2126,94.8,2.0,8 km BaratLaut Kab. Lombok Tengah-NTB,
292,2026-02-10,12:26:46,-7.95,117.6921,18.4,2.31,67 km TimurLaut Kab. Sumbawa-NTB,
293,2026-02-10,12:39:33,-8.06,117.6746,10.0,2.03,55 km TimurLaut Kab. Sumbawa-NTB,
294,2026-02-10,14:35:00,-7.77,118.7241,16.5,2.1,76 km Utara Kota Bima-NTB,
295,2026-02-10,15:26:00,-8.74,117.2234,34.1,1.93,35 km BaratDaya Kab. Sumbawa-NTB,
296,2026-02-10,16:24:45,-9.42,117.1273,33.0,2.61,81 km Tenggara Kab. Sumbawa Barat-NTB,
297,2026-02-10,16:56:21,-8.47,118.439,117.5,1.83,8 km Utara Kab. Dompu-NTB,
298,2026-02-10,16:58:52,-7.8,117.3119,23.2,2.22,77 km Utara Kab. Sumbawa-NTB,
299,2026-02-10,18:14:54,-9.25,117.5429,25.5,2.25,85 km Selatan Kab. Sumbawa-NTB,
300,2026-02-10,18:53:30,-8.26,117.3987,169.2,2.2,26 km Utara Kab. Sumbawa-NTB,
301,2026-02-10,18:55:59,-9.01,116.8747,10.0,1.99,29 km Selatan Kab. Sumbawa Barat-NTB,
302,2026-02-10,19:06:05,-8.12,117.767,10.0,1.88,56 km TimurLaut Kab. Sumbawa-NTB,
303,2026-02-10,19:09:53,-9.57,117.9939,23.4,2.07,116 km Selatan Kab. Bima-NTB,
304,2026-02-10,19:54:41,-8.88,117.0941,125.3,2.23,33 km Tenggara Kab. Sumbawa Barat-NTB,
305,2026-02-10,21:38:53,-8.58,118.3925,106.0,2.83,2 km TimurLaut Kab. Bima-NTB,
306,2026-02-10,22:53:26,-8.97,118.6016,97.7,2.05,48 km Tenggara Kab. Bima-NTB,
307,2026-02-10,23:20:52,-8.11,117.9075,16.0,2.56,68 km TimurLaut Kab. Sumbawa-NTB,
308,2026-02-11,00:53:59,-7.92,117.3295,19.3,2.43,64 km Utara Kab. Sumbawa-NTB,
309,2026-02-11,04:33:31,-8.87,116.8934,10.0,2.61,15 km Tenggara Kab. Sumbawa Barat-NTB,
310,2026-02-11,10:29:04,-7.74,118.8832,31.6,2.45,82 km Utara Kota Bima-NTB,
311,2026-02-11,10:31:35,-8.37,117.1493,17.7,2.78,33 km BaratLaut Kab. Sumbawa-NTB,
312,2026-02-11,10:44:23,-8.44,117.1321,14.0,2.16,32 km Barat Kab. Sumbawa-NTB,
313,2026-02-11,11:02:44,-8.96,117.9015,16.6,2.28,66 km BaratDaya Kab. Bima-NTB,
314,2026-02-11,11:29:02,-11.09,115.4103,25.0,3.72,268 km Selatan Kota Denpasar-Bali,
315,2026-02-11,12:04:45,-11.03,118.802,10.0,3.66,169 km BaratDaya Kab. Sumba Tengah-NTT,
316,2026-02-11,13:01:29,-8.23,117.7005,28.2,2.03,42 km TimurLaut Kab. Sumbawa-NTB,
317,2026-02-11,13:21:44,-8.14,117.8254,26.6,2.28,59 km TimurLaut Kab. Sumbawa-NTB,
318,2026-02-11,14:17:27,-8.16,117.6969,10.0,1.9,48 km TimurLaut Kab. Sumbawa-NTB,
319,2026-02-11,15:38:50,-10.01,118.4083,26.5,2.54,111 km BaratDaya Kab. Sumba Barat-NTT,
320,2026-02-11,15:42:29,-9.02,118.3239,73.3,1.53,47 km Selatan Kab. Bima-NTB,
321,2026-02-11,15:55:43,-8.19,117.7022,10.0,1.84,46 km TimurLaut Kab. Sumbawa-NTB,
322,2026-02-11,15:58:30,-8.23,117.8193,25.0,1.81,53 km TimurLaut Kab. Sumbawa-NTB,
323,2026-02-11,16:40:11,-8.65,116.2881,90.3,3.29,6 km Utara Kab. Lombok Tengah-NTB,
324,2026-02-11,17:24:43,-8.45,116.9549,10.0,2.33,37 km TimurLaut Kab. Sumbawa Barat-NTB,
325,2026-02-11,17:29:42,-8.56,118.5275,118.4,1.56,7 km Timur Kab. Dompu-NTB,
326,2026-02-11,19:03:14,-9.28,117.1497,22.1,2.17,69 km Tenggara Kab. Sumbawa Barat-NTB,
327,2026-02-11,20:12:29,-8.46,116.9991,10.0,1.9,38 km TimurLaut Kab. Sumbawa Barat-NTB,
328,2026-02-11,20:26:45,-8.69,118.7666,10.0,1.39,26 km Selatan Kota Bima-NTB,
329,2026-02-11,20:33:15,-8.2,117.7365,17.6,2.06,48 km TimurLaut Kab. Sumbawa-NTB,
330,2026-02-11,21:31:29,-8.51,118.1777,127.2,2.17,24 km BaratLaut Kab. Bima-NTB,
331,2026-02-11,23:44:52,-8.67,117.0952,18.2,1.75,32 km Timur Kab. Sumbawa Barat-NTB,
332,2026-02-12,00:00:23,-7.76,118.6657,35.2,2.79,78 km Utara Kota Bima-NTB,
333,2026-02-12,01:03:00,-9.57,118.622,56.2,3.19,71 km Barat Kab. Sumba Barat Daya-NTT,
334,2026-02-12,01:03:00,-9.57,118.622,56.2,3.17,71 km Barat Kab. Sumba Barat Daya-NTT,
335,2026-02-12,01:33:10,-8.14,117.6815,14.0,1.95,48 km TimurLaut Kab. Sumbawa-NTB,
336,2026-02-12,01:33:10,-8.14,117.6815,14.0,1.95,48 km TimurLaut Kab. Sumbawa-NTB,
337,2026-02-12,01:38:49,-11.22,118.4975,33.9,3.18,202 km BaratDaya Kab. Sumba Barat-NTT,
338,2026-02-12,01:38:49,-11.22,118.4975,33.9,3.18,202 km BaratDaya Kab. Sumba Barat-NTT,
339,2026-02-12,01:40:43,-8.18,117.7771,17.6,1.97,52 km TimurLaut Kab. Sumbawa-NTB,
340,2026-02-12,01:40:43,-8.18,117.7771,17.6,1.99,52 km TimurLaut Kab. Sumbawa-NTB,
341,2026-02-12,02:12:39,-8.21,117.7794,27.6,1.67,50 km TimurLaut Kab. Sumbawa-NTB,
342,2026-02-12,02:12:39,-8.21,117.7794,27.6,1.67,50 km TimurLaut Kab. Sumbawa-NTB,
343,2026-02-12,02:31:28,-7.63,117.3267,11.0,3.79,96 km Utara Kab. Sumbawa-NTB,
344,2026-02-12,02:52:28,-9.4,117.1126,30.4,2.2,79 km Tenggara Kab. Sumbawa Barat-NTB,
345,2026-02-12,03:55:25,-8.34,118.3086,116.8,1.85,28 km BaratLaut Kab. Dompu-NTB,
346,2026-02-12,04:24:16,-8.15,117.7031,10.0,1.98,49 km TimurLaut Kab. Sumbawa-NTB,
347,2026-02-12,04:39:18,-8.85,116.9815,20.2,1.94,21 km Tenggara Kab. Sumbawa Barat-NTB,
348,2026-02-12,05:04:31,-7.84,117.3542,9.0,2.56,72 km Utara Kab. Sumbawa-NTB,
349,2026-02-12,06:09:59,-8.44,115.9567,11.0,2.83,24 km BaratLaut Kota Mataram-NTB,
350,2026-02-12,08:59:03,-8.87,119.1135,17.9,1.89,61 km Utara Kab. Sumba Barat Daya-NTT,
351,2026-02-12,11:26:20,-8.2,117.7724,21.2,1.71,51 km TimurLaut Kab. Sumbawa-NTB,
352,2026-02-12,11:50:47,-8.38,119.1289,162.0,1.95,45 km Timur Kota Bima-NTB,
353,2026-02-12,11:50:47,-8.38,119.1289,162.0,1.95,45 km Timur Kota Bima-NTB,
354,2026-02-12,14:10:47,-8.47,118.8882,162.8,2.16,18 km Timur Kota Bima-NTB,
355,2026-02-12,16:19:10,-7.93,117.5641,22.9,2.01,64 km Utara Kab. Sumbawa-NTB,
356,2026-02-12,16:44:30,-9.39,116.3515,10.0,2.1,77 km Selatan Kab. Lombok Tengah-NTB,
357,2026-02-12,17:18:06,-8.14,117.7291,10.0,1.89,52 km TimurLaut Kab. Sumbawa-NTB,
358,2026-02-12,17:25:43,-8.58,116.1084,21.9,1.79,2 km TimurLaut Kota Mataram-NTB,
359,2026-02-12,17:40:37,-8.17,117.7608,13.5,1.99,52 km TimurLaut Kab. Sumbawa-NTB,
360,2026-02-12,17:48:05,-9.39,117.9288,25.4,2.03,101 km BaratDaya Kab. Bima-NTB,
361,2026-02-12,18:38:58,-8.15,119.0755,16.3,2.44,51 km TimurLaut Kota Bima-NTB,
362,2026-02-12,18:58:07,-8.59,116.0944,20.1,1.72,1 km BaratLaut Kota Mataram-NTB,
363,2026-02-12,19:19:29,-8.42,118.7057,125.7,1.34,5 km BaratLaut Kota Bima-NTB,
364,2026-02-12,19:49:02,-7.83,117.3759,15.2,2.41,73 km Utara Kab. Sumbawa-NTB,
365,2026-02-12,20:33:07,-8.7,119.1255,6.9,1.69,51 km Tenggara Kota Bima-NTB,
366,2026-02-12,21:52:00,-11.04,117.6646,23.1,3.12,243 km BaratDaya Kab. Sumba Barat-NTT,
367,2026-02-12,22:14:43,-8.33,117.1569,10.2,3.4,34 km BaratLaut Kab. Sumbawa-NTB,
368,2026-02-13,00:43:57,-8.67,117.9458,97.7,2.67,48 km Barat Kab. Bima-NTB,
369,2026-02-13,04:36:31,-8.84,118.4751,109.3,2.18,29 km Selatan Kab. Bima-NTB,
370,2026-02-13,04:57:53,-8.24,117.7513,37.5,2.62,46 km TimurLaut Kab. Sumbawa-NTB,
371,2026-02-13,05:18:37,-10.91,117.552,29.8,3.5,243 km BaratDaya Kab. Sumba Barat-NTT,
372,2026-02-13,07:19:26,-8.88,116.8641,10.0,2.89,15 km Selatan Kab. Sumbawa Barat-NTB,
373,2026-02-13,07:53:04,-8.6,118.8449,114.6,2.61,20 km Tenggara Kota Bima-NTB,
374,2026-02-13,08:40:02,-8.19,117.7124,10.0,2.21,46 km TimurLaut Kab. Sumbawa-NTB,
375,2026-02-13,09:17:23,-8.65,118.4251,113.0,2.71,8 km Tenggara Kab. Bima-NTB,
376,2026-02-13,09:45:12,-8.1,117.7811,23.6,2.22,59 km TimurLaut Kab. Sumbawa-NTB,
377,2026-02-13,11:42:50,-8.67,118.6685,101.5,1.78,24 km Selatan Kota Bima-NTB,
378,2026-02-13,12:54:47,-8.44,115.6427,21.2,1.66,3 km Timur Kab. Karangasem-Bali,
379,2026-02-13,14:28:47,-8.82,116.9778,69.4,2.31,19 km Tenggara Kab. Sumbawa Barat-NTB,
380,2026-02-13,14:58:04,-8.22,117.7267,27.5,2.27,45 km TimurLaut Kab. Sumbawa-NTB,
381,2026-02-13,15:32:11,-8.59,116.2965,96.2,2.17,12 km Utara Kab. Lombok Tengah-NTB,
382,2026-02-13,18:32:43,-7.82,117.3564,18.8,2.97,75 km Utara Kab. Sumbawa-NTB,
383,2026-02-13,20:25:57,-8.16,117.6621,16.2,2.4,45 km TimurLaut Kab. Sumbawa-NTB,
384,2026-02-13,20:40:33,-8.19,117.6397,11.0,2.05,41 km TimurLaut Kab. Sumbawa-NTB,
385,2026-02-13,20:56:49,-8.79,118.8543,12.1,1.72,39 km Selatan Kota Bima-NTB,
386,2026-02-13,21:48:25,-9.49,116.6044,38.1,2.59,85 km Selatan Kab. Sumbawa Barat-NTB,
387,2026-02-13,22:42:21,-9.49,116.3756,26.5,3.03,88 km Selatan Kab. Lombok Tengah-NTB,
388,2026-02-14,00:46:44,-8.97,118.3451,96.1,3.83,42 km Selatan Kab. Bima-NTB,
389,2026-02-14,01:35:08,-7.84,119.0361,29.7,2.68,77 km TimurLaut Kota Bima-NTB,
390,2026-02-14,04:38:50,-7.76,117.362,10.0,2.48,81 km Utara Kab. Sumbawa-NTB,
391,2026-02-14,05:23:38,-7.89,117.3828,12.6,2.4,67 km Utara Kab. Sumbawa-NTB,
392,2026-02-14,05:26:01,-7.82,117.3666,22.3,3.55,75 km Utara Kab. Sumbawa-NTB,
393,2026-02-14,06:00:42,-8.39,116.9259,14.7,2.43,42 km Utara Kab. Sumbawa Barat-NTB,
394,2026-02-14,06:35:12,-7.84,117.3571,15.1,2.65,72 km Utara Kab. Sumbawa-NTB,
395,2026-02-14,06:46:31,-7.84,117.3826,26.4,2.85,72 km Utara Kab. Sumbawa-NTB,
396,2026-02-14,07:08:53,-8.68,118.874,8.4,1.95,29 km Tenggara Kota Bima-NTB,
397,2026-02-14,07:21:46,-8.21,117.7164,27.7,2.22,45 km TimurLaut Kab. Sumbawa-NTB,
398,2026-02-14,07:42:35,-8.68,116.2458,88.7,2.98,4 km BaratLaut Kab. Lombok Tengah-NTB,
399,2026-02-14,08:47:17,-7.85,117.3803,10.1,2.65,71 km Utara Kab. Sumbawa-NTB,
400,2026-02-14,11:15:47,-7.85,118.7688,38.4,2.24,68 km Utara Kota Bima-NTB,
401,2026-02-14,12:38:15,-8.14,117.6862,13.8,2.16,49 km TimurLaut Kab. Sumbawa-NTB,
402,2026-02-14,12:53:59,-8.22,117.7655,16.8,2.06,49 km TimurLaut Kab. Sumbawa-NTB,
403,2026-02-14,13:33:26,-8.23,117.6849,46.7,2.58,41 km TimurLaut Kab. Sumbawa-NTB,
404,2026-02-14,14:02:32,-8.37,117.1343,16.6,2.29,34 km BaratLaut Kab. Sumbawa-NTB,
405,2026-02-14,15:23:04,-9.76,118.6352,36.0,2.56,78 km Barat Kab. Sumba Barat-NTT,
406,2026-02-14,15:56:45,-9.61,116.215,34.8,2.71,101 km Selatan Kab. Lombok Tengah-NTB,
407,2026-02-14,16:16:19,-8.21,118.8603,16.7,2.37,31 km TimurLaut Kota Bima-NTB,
408,2026-02-14,18:51:38,-8.05,118.85,12.2,2.32,47 km Utara Kota Bima-NTB,
409,2026-02-14,19:11:18,-8.24,117.7452,26.8,1.93,45 km TimurLaut Kab. Sumbawa-NTB,
410,2026-02-14,19:22:17,-9.22,117.4187,60.2,2.23,80 km Selatan Kab. Sumbawa-NTB,
411,2026-02-14,20:40:45,-8.61,118.4764,114.7,1.7,8 km Selatan Kab. Dompu-NTB,
412,2026-02-14,20:47:43,-8.17,117.7229,18.7,2.38,49 km TimurLaut Kab. Sumbawa-NTB,
413,2026-02-14,21:55:45,-9.36,115.3409,26.7,2.35,78 km Selatan Kota Denpasar-Bali,
414,2026-02-14,23:45:54,-8.92,116.242,85.0,2.28,25 km Selatan Kab. Lombok Tengah-NTB,
415,2026-02-15,00:35:21,-9.95,118.7773,22.1,2.59,72 km BaratDaya Kab. Sumba Barat-NTT,
416,2026-02-15,01:39:52,-8.12,117.8055,17.6,1.93,59 km TimurLaut Kab. Sumbawa-NTB,
417,2026-02-15,01:41:09,-8.72,118.3965,110.8,1.52,14 km Selatan Kab. Bima-NTB,
418,2026-02-15,02:15:06,-7.76,117.2774,13.9,2.21,82 km Utara Kab. Sumbawa-NTB,
419,2026-02-15,04:47:32,-8.61,118.4223,112.1,1.98,5 km Timur Kab. Bima-NTB,
420,2026-02-15,04:51:35,-8.25,117.7028,24.6,1.97,41 km TimurLaut Kab. Sumbawa-NTB,
421,2026-02-15,06:13:14,-9.47,116.6546,33.4,2.56,81 km Selatan Kab. Sumbawa Barat-NTB,
422,2026-02-15,06:28:15,-8.24,115.0203,16.2,1.64,16 km BaratDaya Kab. Buleleng-Bali,
423,2026-02-15,06:46:50,-8.91,116.8589,10.0,2.02,18 km Selatan Kab. Sumbawa Barat-NTB,
424,2026-02-15,08:21:51,-8.59,118.3998,117.8,2.96,3 km Timur Kab. Bima-NTB,
425,2026-02-15,08:35:10,-8.11,117.7496,11.7,2.08,56 km TimurLaut Kab. Sumbawa-NTB,
426,2026-02-15,08:37:19,-8.92,118.2794,132.0,2.06,38 km Selatan Kab. Bima-NTB,
427,2026-02-15,09:37:23,-7.82,117.3122,10.0,2.27,75 km Utara Kab. Sumbawa-NTB,
428,2026-02-15,10:11:30,-7.94,117.455,10.0,2.29,61 km Utara Kab. Sumbawa-NTB,
429,2026-02-15,10:37:49,-7.74,117.3238,17.9,2.22,84 km Utara Kab. Sumbawa-NTB,
430,2026-02-15,11:07:15,-7.68,117.3075,24.2,2.53,91 km Utara Kab. Sumbawa-NTB,
431,2026-02-15,11:16:11,-8.14,117.6927,14.0,1.87,49 km TimurLaut Kab. Sumbawa-NTB,
432,2026-02-15,12:02:15,-9.52,117.3773,90.8,2.31,105 km Tenggara Kab. Sumbawa Barat-NTB,
433,2026-02-15,12:03:36,-8.46,117.3924,10.0,2.28,5 km BaratLaut Kab. Sumbawa-NTB,
434,2026-02-15,12:11:16,-8.69,116.3929,99.8,2.12,13 km Timur Kab. Lombok Tengah-NTB,
435,2026-02-15,12:18:05,-7.98,117.7011,19.8,2.41,65 km TimurLaut Kab. Sumbawa-NTB,
436,2026-02-15,12:50:29,-8.14,117.744,15.4,2.07,53 km TimurLaut Kab. Sumbawa-NTB,
437,2026-02-15,13:28:41,-8.67,116.1784,16.1,1.69,5 km Timur Kab. Lombok Barat-NTB,
438,2026-02-15,13:36:28,-8.2,117.7117,11.0,1.96,46 km TimurLaut Kab. Sumbawa-NTB,
439,2026-02-15,13:44:08,-11.37,118.04,10.0,5.0,"South of Sumbawa, Indonesia",dirasakan di daerah Kodi Sumba Barat Daya I-II MMI
440,2026-02-15,14:12:22,-8.23,117.7142,14.8,2.13,43 km TimurLaut Kab. Sumbawa-NTB,
441,2026-02-15,16:51:39,-8.15,117.8414,10.0,1.88,60 km TimurLaut Kab. Sumbawa-NTB,
442,2026-02-15,17:16:15,-8.51,118.8752,104.1,1.9,17 km Timur Kota Bima-NTB,
443,2026-02-15,17:25:37,-8.66,116.1801,11.6,1.49,6 km Timur Kab. Lombok Barat-NTB,
444,2026-02-15,19:26:36,-8.69,116.1588,14.5,1.72,3 km Tenggara Kab. Lombok Barat-NTB,
445,2026-02-15,19:59:58,-10.73,117.7266,10.0,2.87,216 km BaratDaya Kab. Sumba Barat-NTT,
446,2026-02-15,21:06:17,-8.16,117.7214,10.0,2.08,50 km TimurLaut Kab. Sumbawa-NTB,
447,2026-02-15,22:03:39,-8.95,116.9429,85.5,2.36,26 km Tenggara Kab. Sumbawa Barat-NTB,
448,2026-02-16,01:48:58,-8.42,116.591,21.0,1.81,27 km Utara Kab. Lombok Timur-NTB,
449,2026-02-16,03:19:44,-8.16,117.714,11.0,1.96,49 km TimurLaut Kab. Sumbawa-NTB,
450,2026-02-16,04:12:58,-8.6,118.3588,111.3,3.42,2 km Barat Kab. Bima-NTB,
451,2026-02-16,07:12:44,-8.65,117.9362,10.9,2.44,49 km Barat Kab. Bima-NTB,
452,2026-02-16,08:13:54,-8.85,116.8537,11.0,2.16,11 km Selatan Kab. Sumbawa Barat-NTB,
453,2026-02-16,08:18:26,-9.39,118.223,32.0,2.1,90 km Selatan Kab. Bima-NTB,
454,2026-02-16,09:48:36,-8.72,118.1742,139.0,2.62,26 km BaratDaya Kab. Bima-NTB,
455,2026-02-16,11:42:16,-8.5642,118.383,115.3,4.86,"Sumbawa Region, Indonesia","dirasakan di wilayah Sumbawa Besar III MMI, Kota Bima II MMI"
456,2026-02-16,12:28:25,-8.61,117.3517,10.0,2.26,15 km BaratDaya Kab. Sumbawa-NTB,
457,2026-02-16,12:55:52,-8.79,117.4284,10.1,2.02,33 km Selatan Kab. Sumbawa-NTB,
458,2026-02-16,15:09:46,-8.75,118.8353,10.0,2.13,34 km Selatan Kota Bima-NTB,
459,2026-02-16,16:26:35,-8.22,117.714,17.5,2.32,44 km TimurLaut Kab. Sumbawa-NTB,
460,2026-02-16,16:41:35,-7.98,117.7611,13.0,2.44,68 km TimurLaut Kab. Sumbawa-NTB,
461,2026-02-16,16:43:36,-8.18,117.7059,37.2,3.17,47 km TimurLaut Kab. Sumbawa-NTB,
462,2026-02-16,16:57:27,-8.6,118.7946,93.7,2.44,17 km Tenggara Kota Bima-NTB,
463,2026-02-16,16:59:19,-8.2,117.8263,16.9,2.38,55 km TimurLaut Kab. Sumbawa-NTB,
464,2026-02-16,18:21:21,-8.19,117.7114,16.6,2.16,46 km TimurLaut Kab. Sumbawa-NTB,
465,2026-02-16,18:43:05,-7.9,115.2397,10.0,2.06,29 km TimurLaut Kab. Buleleng-Bali,
466,2026-02-16,18:57:41,-8.82,119.068,92.5,3.52,55 km Tenggara Kota Bima-NTB,
467,2026-02-16,19:10:12,-7.74,118.5005,36.2,2.43,84 km Utara Kota Bima-NTB,
468,2026-02-16,19:23:30,-9.2273,114.69,84.2,4.01,"South of Bali, Indonesia",dirasakan di wilayah Kuta dan Kuta Selatan II MMI
469,2026-02-16,21:15:04,-8.71,116.294,101.9,2.15,2 km Tenggara Kab. Lombok Tengah-NTB,
470,2026-02-16,22:01:43,-8.55,116.3123,100.8,1.77,17 km Utara Kab. Lombok Tengah-NTB,
471,2026-02-16,22:25:43,-8.37,116.4027,12.2,1.93,17 km Timur Kab. Lombok Utara-NTB,
472,2026-02-16,22:26:54,-8.36,116.4334,11.6,1.8,20 km Timur Kab. Lombok Utara-NTB,
473,2026-02-16,22:46:02,-8.08,117.2517,17.9,2.12,49 km Utara Kab. Sumbawa-NTB,
474,2026-02-16,23:10:43,-8.84,116.9818,123.6,2.45,20 km Tenggara Kab. Sumbawa Barat-NTB,
475,2026-02-16,23:13:08,-8.54,119.2645,125.8,2.19,60 km Timur Kota Bima-NTB,
476,2026-02-16,23:24:08,-9.74,118.7478,55.8,2.71,65 km Barat Kab. Sumba Barat-NTT,
477,2026-02-17,01:10:22,-8.19,118.1425,14.9,2.45,52 km BaratLaut Kab. Bima-NTB,
478,2026-02-17,02:20:41,-7.86,119.0998,30.8,2.47,78 km TimurLaut Kota Bima-NTB,
479,2026-02-17,02:43:40,-8.16,118.116,13.1,1.88,56 km BaratLaut Kab. Bima-NTB,
480,2026-02-17,02:50:21,-9.36,116.7805,24.8,2.26,67 km Selatan Kab. Sumbawa Barat-NTB,
481,2026-02-17,04:04:29,-10.91,118.4805,17.3,3.04,173 km BaratDaya Kab. Sumba Barat-NTT,
482,2026-02-17,06:32:38,-8.25,117.7739,27.1,1.99,47 km TimurLaut Kab. Sumbawa-NTB,
483,2026-02-17,08:08:56,-8.72,116.9831,115.8,2.4,18 km Timur Kab. Sumbawa Barat-NTB,
484,2026-02-17,08:15:04,-8.95,116.9041,21.0,2.46,24 km Tenggara Kab. Sumbawa Barat-NTB,
485,2026-02-17,08:37:34,-8.88,116.8746,10.0,2.11,15 km Tenggara Kab. Sumbawa Barat-NTB,
486,2026-02-17,09:28:23,-9.48,117.665,26.2,2.22,113 km Selatan Kab. Sumbawa-NTB,
487,2026-02-17,09:41:39,-8.5,116.1376,73.2,2.02,12 km Utara Kota Mataram-NTB,
488,2026-02-17,10:16:35,-8.14,117.633,10.0,1.88,45 km TimurLaut Kab. Sumbawa-NTB,
489,2026-02-17,11:26:00,-8.14,117.7792,47.6,1.89,56 km TimurLaut Kab. Sumbawa-NTB,
490,2026-02-17,13:05:46,-8.26,117.7563,34.1,1.91,45 km TimurLaut Kab. Sumbawa-NTB,
491,2026-02-17,14:27:48,-8.26,116.4043,10.2,2.73,20 km TimurLaut Kab. Lombok Utara-NTB,
492,2026-02-17,14:48:12,-8.16,115.1896,10.3,2.21,12 km Tenggara Kab. Buleleng-Bali,
493,2026-02-17,15:00:54,-7.76,119.1808,37.3,2.13,92 km TimurLaut Kota Bima-NTB,
494,2026-02-17,15:02:59,-8.36,116.497,11.1,2.09,27 km Timur Kab. Lombok Utara-NTB,
495,2026-02-17,16:00:04,-8.19,117.7917,24.6,2.52,53 km TimurLaut Kab. Sumbawa-NTB,
496,2026-02-17,17:03:39,-9.68,116.019,27.9,2.67,112 km Selatan Kab. Lombok Barat-NTB,
497,2026-02-17,17:15:22,-9.55,118.0172,25.1,2.23,113 km Selatan Kab. Bima-NTB,
498,2026-02-17,17:47:06,-9.14,118.2906,137.0,1.85,61 km Selatan Kab. Bima-NTB,
499,2026-02-17,18:05:40,-7.83,117.2098,16.9,2.45,77 km Utara Kab. Sumbawa-NTB,
500,2026-02-17,18:14:28,-7.72,118.9369,22.8,2.44,85 km Utara Kota Bima-NTB,
501,2026-02-17,18:23:52,-8.23,117.6945,11.5,2.14,42 km TimurLaut Kab. Sumbawa-NTB,
502,2026-02-17,18:26:08,-11.02,118.3492,12.8,3.07,191 km BaratDaya Kab. Sumba Barat-NTT,
503,2026-02-17,19:23:11,-8.2979,116.3984,11.4,3.64,"Sumbawa Region, Indonesia",dirasakan di wilayah Lombok Timur II-III MMI
504,2026-02-17,21:23:04,-9.76,118.4126,8.5,2.08,100 km BaratDaya Kab. Sumba Barat Daya-NTT,
505,2026-02-18,00:52:51,-8.25,117.757,32.1,2.24,46 km TimurLaut Kab. Sumbawa-NTB,
506,2026-02-18,01:24:53,-9.47,117.1321,29.7,2.42,86 km Tenggara Kab. Sumbawa Barat-NTB,
507,2026-02-18,01:33:07,-8.22,117.6846,21.6,2.02,42 km TimurLaut Kab. Sumbawa-NTB,
508,2026-02-18,04:59:22,-8.14,117.6854,26.4,2.21,49 km TimurLaut Kab. Sumbawa-NTB,
509,2026-02-18,05:30:17,-8.12,117.7476,10.0,2.03,55 km TimurLaut Kab. Sumbawa-NTB,
510,2026-02-18,05:33:00,-8.22,117.7136,10.0,2.16,44 km TimurLaut Kab. Sumbawa-NTB,
511,2026-02-18,05:33:32,-8.3,118.9718,133.7,3.2,32 km TimurLaut Kota Bima-NTB,
512,2026-02-18,07:37:40,-11.06,118.8225,10.0,3.91,171 km Selatan Kab. Sumba Tengah-NTT,
513,2026-02-18,10:27:58,-8.2,117.6946,10.0,2.05,44 km TimurLaut Kab. Sumbawa-NTB,
514,2026-02-18,10:33:33,-8.25,117.7793,35.1,1.98,48 km TimurLaut Kab. Sumbawa-NTB,
515,2026-02-18,11:31:06,-8.63,118.3944,111.4,2.0,4 km Tenggara Kab. Bima-NTB,
516,2026-02-18,12:19:25,-8.35,117.7384,53.3,1.93,38 km TimurLaut Kab. Sumbawa-NTB,
517,2026-02-18,12:28:04,-8.24,117.8626,28.0,2.17,56 km TimurLaut Kab. Sumbawa-NTB,
518,2026-02-18,14:35:11,-8.51,118.7769,110.8,1.81,8 km Tenggara Kota Bima-NTB,
519,2026-02-18,15:17:38,-9.47,116.5862,42.7,2.67,83 km Selatan Kab. Sumbawa Barat-NTB,
520,2026-02-18,15:33:06,-8.16,117.7134,14.4,2.34,49 km TimurLaut Kab. Sumbawa-NTB,
521,2026-02-18,18:34:12,-8.91,118.7251,78.3,2.08,50 km Selatan Kota Bima-NTB,
522,2026-02-18,19:09:06,-8.02,117.9149,16.5,2.31,75 km TimurLaut Kab. Sumbawa-NTB,
523,2026-02-18,20:16:59,-9.08,116.3009,103.0,2.34,42 km Selatan Kab. Lombok Tengah-NTB,
524,2026-02-18,20:18:05,-9.52,115.7944,23.2,2.66,100 km Selatan Kab. Lombok Barat-NTB,
525,2026-02-18,21:22:19,-9.12,116.8756,9.0,2.29,41 km Selatan Kab. Sumbawa Barat-NTB,
526,2026-02-18,22:57:46,-8.71,117.7522,12.6,1.74,44 km Tenggara Kab. Sumbawa-NTB,
527,2026-02-18,23:00:40,-8.22,117.7327,11.0,2.25,46 km TimurLaut Kab. Sumbawa-NTB,
528,2026-02-18,23:12:46,-8.17,118.8418,13.5,2.18,35 km Utara Kota Bima-NTB,
529,2026-02-18,23:40:48,-8.16,117.891,14.3,2.36,64 km TimurLaut Kab. Sumbawa-NTB,
530,2026-02-19,00:08:30,-11.07,117.6836,10.0,2.98,243 km BaratDaya Kab. Sumba Barat-NTT,
531,2026-02-19,00:19:42,-8.2,116.7438,10.0,1.92,56 km TimurLaut Kab. Lombok Timur-NTB,
532,2026-02-19,03:00:08,-9.25,118.3117,10.0,1.85,73 km Selatan Kab. Bima-NTB,
533,2026-02-19,04:35:29,-8.29,115.7704,18.0,3.0,25 km TimurLaut Kab. Karangasem-Bali,
534,2026-02-19,07:20:20,-8.99,118.6362,16.2,2.47,52 km Tenggara Kab. Bima-NTB,
535,2026-02-19,10:32:08,-8.24,117.7586,21.8,2.05,47 km TimurLaut Kab. Sumbawa-NTB,
536,2026-02-19,10:40:22,-8.75,118.3767,107.4,1.98,17 km Selatan Kab. Bima-NTB,
537,2026-02-19,11:40:07,-8.48,118.4897,192.6,1.86,7 km TimurLaut Kab. Dompu-NTB,
538,2026-02-19,14:20:12,-8.42,116.0666,20.5,2.18,20 km Utara Kota Mataram-NTB,
539,2026-02-19,15:13:43,-8.64,115.6087,84.6,2.31,21 km Selatan Kab. Karangasem-Bali,
540,2026-02-19,16:56:08,-8.63,116.8054,112.7,2.36,14 km Utara Kab. Sumbawa Barat-NTB,
541,2026-02-19,17:09:54,-8.21,117.6652,15.9,2.01,41 km TimurLaut Kab. Sumbawa-NTB,
542,2026-02-19,17:48:32,-8.2,117.721,15.9,2.27,46 km TimurLaut Kab. Sumbawa-NTB,
543,2026-02-19,18:08:38,-8.44,118.7525,21.1,1.88,4 km TimurLaut Kota Bima-NTB,
544,2026-02-19,18:38:47,-8.22,117.7474,22.5,2.07,47 km TimurLaut Kab. Sumbawa-NTB,
545,2026-02-19,18:58:40,-8.6,116.6235,16.0,1.96,12 km TimurLaut Kab. Lombok Timur-NTB,
546,2026-02-19,19:02:35,-8.6,116.7252,174.6,2.27,20 km BaratLaut Kab. Sumbawa Barat-NTB,
547,2026-02-19,19:44:24,-8.24,117.9541,56.7,2.13,61 km BaratLaut Kab. Bima-NTB,
548,2026-02-19,20:32:10,-7.89,114.9068,14.8,2.69,32 km BaratLaut Kab. Buleleng-Bali,
549,2026-02-19,20:59:38,-9.62,117.4406,24.4,2.73,118 km Tenggara Kab. Sumbawa Barat-NTB,
550,2026-02-19,21:22:03,-8.47,117.0089,11.4,2.14,38 km TimurLaut Kab. Sumbawa Barat-NTB,
551,2026-02-19,21:28:15,-8.95,116.9117,124.0,2.16,24 km Tenggara Kab. Sumbawa Barat-NTB,
552,2026-02-20,01:19:14,-8.26,117.7698,19.2,2.22,46 km TimurLaut Kab. Sumbawa-NTB,
553,2026-02-20,02:38:17,-8.55,116.8734,15.5,2.12,23 km Utara Kab. Sumbawa Barat-NTB,
554,2026-02-20,05:25:45,-8.98,116.9007,18.2,2.4,27 km Selatan Kab. Sumbawa Barat-NTB,
555,2026-02-20,06:43:20,-8.23,115.408,23.2,1.92,25 km Utara Kab. Bangli-Bali,
556,2026-02-20,10:53:34,-9.25,118.0469,35.7,3.7,81 km BaratDaya Kab. Bima-NTB,
557,2026-02-20,13:10:15,-8.07,117.6359,19.4,2.38,52 km TimurLaut Kab. Sumbawa-NTB,
558,2026-02-20,14:43:14,-9.36,118.2912,10.0,2.11,85 km Selatan Kab. Bima-NTB,
559,2026-02-20,14:47:40,-8.83,116.2092,93.5,2.29,16 km BaratDaya Kab. Lombok Tengah-NTB,
560,2026-02-20,16:04:30,-10.47,116.9965,21.2,3.32,191 km Selatan Kab. Sumbawa Barat-NTB,
561,2026-02-20,17:31:31,-8.25,117.6919,25.9,2.01,40 km TimurLaut Kab. Sumbawa-NTB,
562,2026-02-20,17:45:25,-7.9,117.3939,10.0,2.41,66 km Utara Kab. Sumbawa-NTB,
563,2026-02-20,18:04:16,-8.25,117.7619,19.4,2.06,46 km TimurLaut Kab. Sumbawa-NTB,
564,2026-02-20,18:45:05,-8.17,117.7019,12.5,2.26,47 km TimurLaut Kab. Sumbawa-NTB,
565,2026-02-20,19:55:06,-8.22,118.3663,102.3,2.25,37 km Utara Kab. Dompu-NTB,
566,2026-02-20,19:57:06,-8.02,117.6864,16.2,2.43,60 km TimurLaut Kab. Sumbawa-NTB,
567,2026-02-20,20:36:12,-8.18,117.6922,17.8,2.11,46 km TimurLaut Kab. Sumbawa-NTB,
568,2026-02-20,20:40:37,-7.84,119.0809,27.6,2.39,79 km TimurLaut Kota Bima-NTB,
569,2026-02-20,21:36:09,-11.02,118.6214,10.0,3.12,176 km BaratDaya Kab. Sumba Barat-NTT,
570,2026-02-20,21:50:05,-9.69,117.9107,18.1,2.68,132 km BaratDaya Kab. Bima-NTB,
571,2026-02-21,02:22:35,-9.43,117.9654,26.8,2.58,103 km BaratDaya Kab. Bima-NTB,
572,2026-02-21,04:19:46,-8.86,116.8928,10.0,2.25,14 km Tenggara Kab. Sumbawa Barat-NTB,
573,2026-02-21,06:06:01,-8.21,117.7936,19.7,2.68,52 km TimurLaut Kab. Sumbawa-NTB,
574,2026-02-21,06:27:08,-7.96,117.6465,21.9,2.81,64 km TimurLaut Kab. Sumbawa-NTB,
575,2026-02-21,08:02:47,-11.14,118.2937,35.8,3.25,206 km BaratDaya Kab. Sumba Barat-NTT,
576,2026-02-21,08:14:06,-8.88,118.2912,148.6,1.53,33 km Selatan Kab. Bima-NTB,
577,2026-02-21,09:01:17,-8.44,115.3431,147.3,1.96,2 km BaratLaut Kab. Bangli-Bali,
578,2026-02-21,13:43:40,-8.22,117.7139,16.6,2.94,44 km TimurLaut Kab. Sumbawa-NTB,
579,2026-02-21,13:47:07,-8.29,117.9997,11.4,2.84,53 km BaratLaut Kab. Bima-NTB,
580,2026-02-21,14:14:51,-8.24,117.7526,33.1,2.6,46 km TimurLaut Kab. Sumbawa-NTB,
581,2026-02-21,14:28:01,-8.55,117.694,110.9,3.07,31 km Timur Kab. Sumbawa-NTB,
582,2026-02-21,15:51:57,-8.73,118.3166,91.4,1.67,16 km BaratDaya Kab. Bima-NTB,
583,2026-02-21,17:34:41,-10.44,117.4973,28.1,3.19,201 km Selatan Kab. Sumbawa Barat-NTB,
584,2026-02-21,18:04:32,-8.72,117.6843,202.1,1.92,38 km Tenggara Kab. Sumbawa-NTB,
585,2026-02-21,18:17:20,-8.77,117.2141,13.0,2.27,38 km BaratDaya Kab. Sumbawa-NTB,
586,2026-02-21,18:35:18,-8.26,117.6951,11.2,2.21,40 km TimurLaut Kab. Sumbawa-NTB,
587,2026-02-21,19:02:44,-8.19,117.8015,25.4,2.31,54 km TimurLaut Kab. Sumbawa-NTB,
588,2026-02-21,19:51:19,-8.7,118.9711,102.4,2.93,38 km Tenggara Kota Bima-NTB,
589,2026-02-21,20:17:22,-8.83,116.5949,16.5,1.72,21 km Selatan Kab. Lombok Timur-NTB,
590,2026-02-21,22:36:01,-8.76,116.6,11.1,1.28,14 km Tenggara Kab. Lombok Timur-NTB,
591,2026-02-22,01:17:10,-8.2,117.7319,18.4,2.55,47 km TimurLaut Kab. Sumbawa-NTB,
592,2026-02-22,04:36:28,-9.77,117.3482,24.9,2.8,127 km Tenggara Kab. Sumbawa Barat-NTB,
593,2026-02-22,05:54:10,-8.0,117.7248,29.1,2.3,64 km TimurLaut Kab. Sumbawa-NTB,
594,2026-02-22,06:23:46,-7.93,119.2125,161.9,2.49,79 km TimurLaut Kota Bima-NTB,
595,2026-02-22,10:03:53,-10.92,117.7587,10.0,3.19,226 km BaratDaya Kab. Sumba Barat-NTT,
596,2026-02-22,10:51:41,-8.1,117.8349,19.2,1.81,63 km TimurLaut Kab. Sumbawa-NTB,
597,2026-02-22,12:23:47,-8.12,117.6883,24.7,2.08,51 km TimurLaut Kab. Sumbawa-NTB,
598,2026-02-22,12:27:07,-8.7,115.2672,88.3,2.2,7 km Tenggara Kota Denpasar-Bali,
599,2026-02-22,12:45:56,-9.81,117.3267,10.0,2.57,130 km Tenggara Kab. Sumbawa Barat-NTB,
600,2026-02-22,13:04:30,-8.18,117.6843,10.0,2.0,45 km TimurLaut Kab. Sumbawa-NTB,
601,2026-02-22,13:08:58,-8.14,117.7353,10.0,1.95,52 km TimurLaut Kab. Sumbawa-NTB,
602,2026-02-22,14:19:02,-11.0,116.8755,10.0,4.43,249 km Selatan Kab. Sumbawa Barat-NTB,
603,2026-02-22,15:09:17,-7.64,116.051,15.5,3.12,82 km Utara Kab. Lombok Utara-NTB,
604,2026-02-22,15:13:39,-8.73,118.8519,11.6,1.98,33 km Tenggara Kota Bima-NTB,
605,2026-02-22,15:20:34,-8.71,118.1645,17.5,1.33,27 km BaratDaya Kab. Bima-NTB,
606,2026-02-22,16:07:41,-8.47,115.8403,19.2,2.5,25 km Timur Kab. Karangasem-Bali,
607,2026-02-22,16:35:16,-8.2,117.7173,10.0,2.15,46 km TimurLaut Kab. Sumbawa-NTB,
608,2026-02-22,16:38:19,-7.77,118.9554,35.9,2.38,80 km Utara Kota Bima-NTB,
609,2026-02-22,16:53:51,-10.13,118.714,28.5,3.13,90 km BaratDaya Kab. Sumba Barat-NTT,
610,2026-02-22,18:32:02,-8.83,118.6393,10.0,3.02,38 km Tenggara Kab. Dompu-NTB,
611,2026-02-22,21:10:33,-9.51,116.7386,14.9,2.56,84 km Selatan Kab. Sumbawa Barat-NTB,
612,2026-02-22,22:27:09,-9.27,118.3439,52.6,2.19,75 km Selatan Kab. Bima-NTB,
613,2026-02-22,22:28:09,-8.43,118.0936,137.0,1.93,36 km BaratLaut Kab. Bima-NTB,
614,2026-02-23,02:58:31,-8.7,117.9753,10.0,1.85,46 km Barat Kab. Bima-NTB,
615,2026-02-23,04:18:06,-8.94,116.8799,10.5,2.27,22 km Selatan Kab. Sumbawa Barat-NTB,
616,2026-02-23,05:44:22,-8.23,117.8326,34.0,2.17,54 km TimurLaut Kab. Sumbawa-NTB,
617,2026-02-23,06:30:55,-8.23,117.7567,20.5,2.45,47 km TimurLaut Kab. Sumbawa-NTB,
618,2026-02-23,06:38:25,-8.27,117.7692,36.3,2.13,46 km TimurLaut Kab. Sumbawa-NTB,
619,2026-02-23,06:48:01,-8.21,117.6748,10.8,2.19,42 km TimurLaut Kab. Sumbawa-NTB,
620,2026-02-23,08:15:49,-8.13,117.7748,20.5,2.1,56 km TimurLaut Kab. Sumbawa-NTB,
621,2026-02-23,08:45:05,-8.29,117.7741,23.9,2.02,45 km TimurLaut Kab. Sumbawa-NTB,
622,2026-02-23,11:13:34,-9.02,117.0608,10.0,1.6,40 km Tenggara Kab. Sumbawa Barat-NTB,
623,2026-02-23,11:36:05,-9.3,115.6156,50.3,4.11,"South of Bali, Indonesia","dirasakan di wilayah Kuta, Kuta Selatan, dan Klungkung II MMI"
624,2026-02-23,13:27:13,-8.14,117.6549,10.0,2.1,47 km TimurLaut Kab. Sumbawa-NTB,
625,2026-02-23,14:05:23,-9.38,118.4519,28.9,2.46,87 km Selatan Kab. Bima-NTB,
626,2026-02-23,14:21:53,-8.27,118.5713,137.3,2.2,27 km BaratLaut Kota Bima-NTB,
627,2026-02-23,14:23:29,-8.13,117.794,15.5,2.14,57 km TimurLaut Kab. Sumbawa-NTB,
628,2026-02-23,15:08:21,-8.23,117.7573,29.3,2.06,47 km TimurLaut Kab. Sumbawa-NTB,
629,2026-02-23,15:15:44,-11.23,118.7806,10.0,3.84,190 km Selatan Kab. Sumba Tengah-NTT,
630,2026-02-23,15:27:21,-8.21,118.9107,17.8,2.02,34 km TimurLaut Kota Bima-NTB,
631,2026-02-23,15:56:04,-8.73,116.1819,95.4,1.73,8 km Tenggara Kab. Lombok Barat-NTB,
632,2026-02-23,16:10:16,-7.94,117.7192,10.0,2.17,69 km TimurLaut Kab. Sumbawa-NTB,
633,2026-02-23,16:27:59,-8.13,117.6964,10.0,2.17,50 km TimurLaut Kab. Sumbawa-NTB,
634,2026-02-23,17:00:45,-8.21,117.7572,22.5,2.39,49 km TimurLaut Kab. Sumbawa-NTB,
635,2026-02-23,19:58:52,-8.63,116.2858,89.7,1.94,8 km Utara Kab. Lombok Tengah-NTB,
636,2026-02-24,01:01:55,-8.74,115.8811,13.6,2.4,28 km Barat Kab. Lombok Barat-NTB,
637,2026-02-24,02:56:16,-8.19,117.7445,15.2,3.11,49 km TimurLaut Kab. Sumbawa-NTB,
638,2026-02-24,04:02:26,-8.85,116.8186,16.2,2.37,11 km Selatan Kab. Sumbawa Barat-NTB,
639,2026-02-24,06:32:44,-8.85,116.7545,26.0,2.69,13 km BaratDaya Kab. Sumbawa Barat-NTB,
640,2026-02-24,09:25:50,-8.4,118.3965,110.0,2.85,17 km BaratLaut Kab. Dompu-NTB,
641,2026-02-24,10:30:46,-7.92,117.5773,12.9,2.7,66 km Utara Kab. Sumbawa-NTB,
642,2026-02-24,10:33:57,-8.08,116.7926,18.0,2.65,67 km TimurLaut Kab. Lombok Utara-NTB,
643,2026-02-24,11:35:34,-8.23,117.7122,12.9,2.64,43 km TimurLaut Kab. Sumbawa-NTB,
644,2026-02-24,11:36:57,-10.93,118.8641,24.4,3.99,156 km BaratDaya Kab. Sumba Tengah-NTT,
645,2026-02-24,14:24:21,-8.15,117.6846,10.0,2.38,48 km TimurLaut Kab. Sumbawa-NTB,
646,2026-02-24,14:43:49,-7.33,116.7374,509.3,3.48,125 km TimurLaut Kab. Lombok Utara-NTB,
647,2026-02-24,15:20:10,-8.14,117.6717,12.8,2.21,48 km TimurLaut Kab. Sumbawa-NTB,
648,2026-02-24,15:47:10,-9.49,115.3118,32.2,2.58,91 km Selatan Kota Denpasar-Bali,
649,2026-02-24,16:02:54,-9.3,117.0876,100.9,2.97,67 km Tenggara Kab. Sumbawa Barat-NTB,
650,2026-02-24,16:34:58,-8.5,119.3261,134.2,2.69,62 km Barat Kab. Manggarai Barat-NTT,
651,2026-02-24,16:48:25,-9.54,118.002,17.1,2.42,112 km Selatan Kab. Bima-NTB,
652,2026-02-24,22:03:57,-10.96,117.7938,10.0,3.29,226 km BaratDaya Kab. Sumba Barat-NTT,
653,2026-02-25,00:02:35,-8.15,117.7194,20.4,2.6,50 km TimurLaut Kab. Sumbawa-NTB,
654,2026-02-25,00:43:45,-7.92,117.5993,27.9,2.99,66 km Utara Kab. Sumbawa-NTB,
655,2026-02-25,02:35:20,-7.96,117.7566,14.5,2.4,70 km TimurLaut Kab. Sumbawa-NTB,
656,2026-02-25,02:52:00,-8.26,117.7909,42.9,2.37,48 km TimurLaut Kab. Sumbawa-NTB,
657,2026-02-25,05:06:01,-8.01,117.5913,31.1,2.67,57 km Utara Kab. Sumbawa-NTB,
658,2026-02-25,07:04:20,-8.27,117.6999,19.1,2.42,39 km TimurLaut Kab. Sumbawa-NTB,
659,2026-02-25,07:22:55,-10.92,116.6283,10.0,3.82,241 km Selatan Kab. Sumbawa Barat-NTB,
660,2026-02-25,08:59:45,-8.31,116.2252,10.0,2.4,5 km BaratLaut Kab. Lombok Utara-NTB,
661,2026-02-25,09:54:55,-8.01,117.3499,19.5,2.46,54 km Utara Kab. Sumbawa-NTB,
662,2026-02-25,10:16:05,-8.47,118.6338,24.4,2.83,10 km Barat Kota Bima-NTB,
663,2026-02-25,13:20:24,-8.14,117.6856,52.6,2.42,49 km TimurLaut Kab. Sumbawa-NTB,
664,2026-02-25,13:49:23,-9.12,116.9491,11.4,2.6,43 km Selatan Kab. Sumbawa Barat-NTB,
665,2026-02-25,14:32:19,-8.42,118.3452,12.3,2.2,18 km BaratLaut Kab. Dompu-NTB,
666,2026-02-25,17:11:21,-9.64,118.615,35.6,2.6,74 km Barat Kab. Sumba Barat Daya-NTT,
667,2026-02-25,17:17:09,-8.54,116.3027,89.2,1.95,18 km Utara Kab. Lombok Tengah-NTB,
668,2026-02-25,17:49:25,-7.82,116.4758,21.5,2.85,64 km TimurLaut Kab. Lombok Utara-NTB,
669,2026-02-25,18:19:40,-8.7,116.237,90.0,1.96,4 km Barat Kab. Lombok Tengah-NTB,
670,2026-02-25,20:34:10,-9.49,118.5901,38.6,2.73,73 km Barat Kab. Sumba Barat Daya-NTT,
671,2026-02-25,21:06:02,-8.22,117.6949,19.2,2.48,43 km TimurLaut Kab. Sumbawa-NTB,
672,2026-02-25,21:11:57,-8.42,117.9815,114.4,2.09,48 km BaratLaut Kab. Bima-NTB,
673,2026-02-25,22:03:13,-7.97,117.5777,14.0,2.37,60 km Utara Kab. Sumbawa-NTB,
674,2026-02-25,22:35:31,-8.64,116.1624,84.2,2.47,5 km TimurLaut Kab. Lombok Barat-NTB,
675,2026-02-25,23:09:47,-8.12,117.6967,10.0,2.74,51 km TimurLaut Kab. Sumbawa-NTB,
676,2026-02-25,23:16:14,-8.34,119.0777,104.4,2.08,41 km Timur Kota Bima-NTB,
677,2026-02-26,03:17:53,-8.65,116.3204,94.5,2.23,7 km TimurLaut Kab. Lombok Tengah-NTB,
678,2026-02-26,03:27:58,-8.15,118.1885,118.9,2.19,52 km BaratLaut Kab. Dompu-NTB,
679,2026-02-26,06:10:47,-8.08,117.6673,23.6,2.25,53 km TimurLaut Kab. Sumbawa-NTB,
680,2026-02-26,06:26:06,-9.73,118.6646,31.2,2.59,73 km BaratDaya Kab. Sumba Barat Daya-NTT,
681,2026-02-26,07:37:36,-9.14,117.1725,26.9,2.17,58 km Tenggara Kab. Sumbawa Barat-NTB,
682,2026-02-26,07:45:59,-9.39,115.4976,38.0,2.76,86 km Selatan Kota Denpasar-Bali,
683,2026-02-26,07:54:29,-8.11,117.1437,10.0,2.29,52 km BaratLaut Kab. Sumbawa-NTB,
684,2026-02-26,08:07:10,-8.46,117.144,19.2,2.6,31 km Barat Kab. Sumbawa-NTB,
685,2026-02-26,10:14:54,-7.88,118.7775,38.2,2.53,64 km Utara Kota Bima-NTB,
686,2026-02-26,10:49:51,-9.13,115.2563,80.0,3.27,51 km Selatan Kota Denpasar-Bali,
687,2026-02-26,12:58:37,-8.17,117.6718,18.7,2.32,45 km TimurLaut Kab. Sumbawa-NTB,
688,2026-02-26,13:03:25,-8.78,119.0527,10.0,2.06,50 km Tenggara Kota Bima-NTB,
689,2026-02-26,13:18:41,-9.04,115.8072,79.0,2.42,54 km BaratDaya Kab. Lombok Barat-NTB,
690,2026-02-26,13:49:46,-8.79,118.8478,10.0,2.18,39 km Selatan Kota Bima-NTB,
691,2026-02-26,13:51:52,-8.45,117.1272,14.8,2.18,33 km Barat Kab. Sumbawa-NTB,
692,2026-02-26,14:00:58,-8.26,117.6576,10.0,2.06,37 km TimurLaut Kab. Sumbawa-NTB,
693,2026-02-26,14:50:09,-10.23,118.8423,16.6,2.56,89 km BaratDaya Kab. Sumba Barat-NTT,
694,2026-02-26,15:37:29,-8.55,116.2379,86.4,1.79,16 km Timur Kota Mataram-NTB,
695,2026-02-26,15:40:38,-8.21,117.6912,17.0,2.21,43 km TimurLaut Kab. Sumbawa-NTB,
696,2026-02-26,18:00:25,-8.24,117.7196,11.5,2.28,43 km TimurLaut Kab. Sumbawa-NTB,
697,2026-02-26,18:37:35,-11.01,118.1915,10.0,3.1,200 km BaratDaya Kab. Sumba Barat-NTT,
698,2026-02-26,18:44:44,-8.47,117.1487,14.9,2.17,30 km Barat Kab. Sumbawa-NTB,
699,2026-02-26,19:32:34,-9.28,116.4291,38.3,2.46,66 km Selatan Kab. Lombok Tengah-NTB,
700,2026-02-26,23:43:24,-8.45,117.1581,12.3,2.56,29 km Barat Kab. Sumbawa-NTB,
701,2026-02-27,00:33:29,-8.43,117.1612,12.7,2.19,29 km Barat Kab. Sumbawa-NTB,
702,2026-02-27,03:45:41,-8.88,116.8592,10.0,2.34,15 km Selatan Kab. Sumbawa Barat-NTB,
703,2026-02-27,04:17:38,-8.32,117.6057,13.0,2.54,28 km TimurLaut Kab. Sumbawa-NTB,
704,2026-02-27,04:32:00,-8.68,117.9634,10.0,1.8,46 km Barat Kab. Bima-NTB,
705,2026-02-27,04:43:04,-8.58,116.7365,32.0,2.06,21 km BaratLaut Kab. Sumbawa Barat-NTB,
706,2026-02-27,05:51:22,-9.05,116.6847,74.1,2.68,36 km BaratDaya Kab. Sumbawa Barat-NTB,
707,2026-02-27,05:55:45,-8.62,116.7916,15.9,2.09,15 km Utara Kab. Sumbawa Barat-NTB,
708,2026-02-27,09:30:13,-8.62,116.8022,10.5,3.12,15 km Utara Kab. Sumbawa Barat-NTB,
709,2026-02-27,10:48:44,-8.62,116.7895,10.0,2.7,15 km Utara Kab. Sumbawa Barat-NTB,
710,2026-02-27,12:03:35,-7.93,117.4016,10.0,2.57,62 km Utara Kab. Sumbawa-NTB,
711,2026-02-27,12:24:08,-9.47,117.5245,24.5,2.82,109 km Selatan Kab. Sumbawa-NTB,
712,2026-02-27,12:35:28,-8.35,118.1029,199.2,4.08,40 km BaratLaut Kab. Bima-NTB,
713,2026-02-27,12:40:56,-8.13,117.7811,10.0,2.22,56 km TimurLaut Kab. Sumbawa-NTB,
714,2026-02-27,14:00:49,-8.16,117.716,10.0,2.27,49 km TimurLaut Kab. Sumbawa-NTB,
715,2026-02-27,14:10:44,-8.14,117.689,16.4,2.39,49 km TimurLaut Kab. Sumbawa-NTB,
716,2026-02-27,15:45:15,-8.24,117.7708,24.8,2.06,48 km TimurLaut Kab. Sumbawa-NTB,
717,2026-02-27,15:48:20,-8.64,116.792,16.1,2.06,13 km Utara Kab. Sumbawa Barat-NTB,
718,2026-02-27,16:17:07,-11.1,117.9599,10.0,3.88,224 km BaratDaya Kab. Sumba Barat-NTT,
719,2026-02-27,16:25:11,-8.17,117.7877,10.0,2.21,54 km TimurLaut Kab. Sumbawa-NTB,
720,2026-02-27,17:02:10,-8.85,118.2515,89.2,3.69,31 km BaratDaya Kab. Bima-NTB,
721,2026-02-27,17:40:47,-8.18,117.7061,13.0,2.3,47 km TimurLaut Kab. Sumbawa-NTB,
722,2026-02-27,17:45:20,-8.81,118.3741,10.0,1.8,24 km Selatan Kab. Bima-NTB,
723,2026-02-27,19:20:30,-8.22,117.7319,20.7,2.56,46 km TimurLaut Kab. Sumbawa-NTB,
724,2026-02-27,19:21:28,-7.759,117.3691,13.7,4.45,Bali Sea,"dirasakan di wilayah Kabupaten Sumbawa Barat, Kabupaten Sumbawa, Kabupaten Bima, dan Kabupaten Lombok Timur II MMI"
725,2026-02-27,19:24:24,-7.79,117.3487,15.3,3.62,78 km Utara Kab. Sumbawa-NTB,
726,2026-02-27,19:32:56,-7.88,117.3766,10.0,2.26,68 km Utara Kab. Sumbawa-NTB,
727,2026-02-27,19:34:02,-7.83,117.376,15.6,2.3,73 km Utara Kab. Sumbawa-NTB,
728,2026-02-27,19:35:24,-7.81,117.3856,11.5,2.14,76 km Utara Kab. Sumbawa-NTB,
729,2026-02-27,19:41:04,-7.81,117.3311,15.3,2.25,76 km Utara Kab. Sumbawa-NTB,
730,2026-02-27,19:43:24,-7.79,117.3507,14.6,2.16,78 km Utara Kab. Sumbawa-NTB,
731,2026-02-27,20:09:18,-7.9,117.3655,21.0,2.31,66 km Utara Kab. Sumbawa-NTB,
732,2026-02-27,20:13:29,-8.8,118.3769,10.2,1.34,23 km Selatan Kab. Bima-NTB,
733,2026-02-27,20:16:29,-7.86,117.347,13.7,2.91,70 km Utara Kab. Sumbawa-NTB,
734,2026-02-27,21:47:30,-9.03,117.8181,15.9,2.51,74 km Tenggara Kab. Sumbawa-NTB,
735,2026-02-27,22:12:29,-8.77,118.9045,103.8,2.16,39 km Tenggara Kota Bima-NTB,
736,2026-02-27,22:39:34,-8.43,117.0951,10.9,2.12,36 km Barat Kab. Sumbawa-NTB,
737,2026-02-27,23:00:36,-8.68,115.4847,101.1,2.24,18 km Tenggara Kab. Klungkung-Bali,
738,2026-02-28,01:41:17,-7.82,117.3819,17.5,3.11,74 km Utara Kab. Sumbawa-NTB,
739,2026-02-28,02:00:04,-8.21,117.9002,236.9,2.5,61 km TimurLaut Kab. Sumbawa-NTB,
740,2026-02-28,02:30:49,-7.85,117.3829,19.8,3.43,71 km Utara Kab. Sumbawa-NTB,
741,2026-02-28,02:50:33,-8.49,118.6507,31.1,1.79,9 km Barat Kota Bima-NTB,
742,2026-02-28,03:41:37,-7.85,117.382,15.5,3.0,71 km Utara Kab. Sumbawa-NTB,
743,2026-02-28,03:46:22,-8.61,119.1567,10.0,2.22,50 km Timur Kota Bima-NTB,
744,2026-02-28,04:07:12,-7.83,117.393,16.6,2.77,73 km Utara Kab. Sumbawa-NTB,
745,2026-02-28,04:26:02,-8.99,116.7833,10.0,2.1,26 km Selatan Kab. Sumbawa Barat-NTB,
746,2026-02-28,04:45:24,-7.87,117.3129,10.0,2.78,70 km Utara Kab. Sumbawa-NTB,
747,2026-02-28,04:55:39,-9.0,116.8364,10.0,2.58,27 km Selatan Kab. Sumbawa Barat-NTB,
748,2026-02-28,06:44:12,-8.0,115.572,124.7,2.71,50 km Utara Kab. Karangasem-Bali,
749,2026-02-28,07:35:07,-8.45,116.7502,248.1,2.78,33 km TimurLaut Kab. Lombok Timur-NTB,
750,2026-02-28,09:20:21,-8.0,117.9185,156.6,3.15,77 km TimurLaut Kab. Sumbawa-NTB,
751,2026-02-28,10:44:33,-7.63,117.4171,22.4,2.99,95 km Utara Kab. Sumbawa-NTB,
752,2026-02-28,10:49:39,-8.14,117.7928,11.0,2.42,57 km TimurLaut Kab. Sumbawa-NTB,
753,2026-02-28,11:46:37,-8.29,117.7287,61.8,2.31,41 km TimurLaut Kab. Sumbawa-NTB,
754,2026-02-28,12:34:42,-8.39,118.8212,124.4,2.85,13 km TimurLaut Kota Bima-NTB,
755,2026-02-28,13:06:52,-7.73,117.2297,13.7,2.86,87 km Utara Kab. Sumbawa-NTB,
756,2026-02-28,13:27:26,-7.86,119.3969,29.2,2.8,89 km BaratLaut Kab. Manggarai Barat-NTT,
757,2026-02-28,13:42:02,-8.12,117.6806,11.0,2.13,50 km TimurLaut Kab. Sumbawa-NTB,
758,2026-02-28,14:06:24,-8.67,118.2296,128.0,1.91,18 km BaratDaya Kab. Bima-NTB,
759,2026-02-28,15:29:35,-7.84,117.31,11.0,2.48,73 km Utara Kab. Sumbawa-NTB,
760,2026-02-28,15:45:24,-7.96,118.0567,176.1,2.09,78 km BaratLaut Kab. Dompu-NTB,
761,2026-02-28,16:34:56,-8.14,117.7533,28.1,2.27,54 km TimurLaut Kab. Sumbawa-NTB,
762,2026-02-28,17:34:57,-8.2,117.7187,28.9,2.13,46 km TimurLaut Kab. Sumbawa-NTB,
763,2026-02-28,18:13:21,-8.14,117.6785,11.0,2.19,48 km TimurLaut Kab. Sumbawa-NTB,
764,2026-02-28,18:32:23,-8.1,117.7948,15.1,2.21,60 km TimurLaut Kab. Sumbawa-NTB,
765,2026-02-28,18:41:20,-9.85,118.5661,10.0,2.44,88 km Barat Kab. Sumba Barat-NTT,
766,2026-02-28,18:41:59,-9.85,118.5854,15.3,2.34,86 km Barat Kab. Sumba Barat-NTT,
767,2026-02-28,18:46:09,-8.46,118.7368,134.1,2.0,1 km Timur Kota Bima-NTB,
768,2026-02-28,19:24:09,-8.21,117.6519,11.0,2.1,40 km TimurLaut Kab. Sumbawa-NTB,
769,2026-02-28,19:51:19,-8.26,117.7318,28.9,1.97,43 km TimurLaut Kab. Sumbawa-NTB,
770,2026-02-28,19:56:18,-8.21,117.726,9.0,1.92,46 km TimurLaut Kab. Sumbawa-NTB,
771,2026-02-28,21:17:18,-8.65,116.7937,16.0,1.93,12 km Utara Kab. Sumbawa Barat-NTB,
772,2026-02-28,21:45:22,-7.73,117.2679,11.0,2.69,86 km Utara Kab. Sumbawa-NTB,
773,2026-02-28,22:14:08,-7.78,117.3785,18.0,3.13,79 km Utara Kab. Sumbawa-NTB,
774,2026-02-28,22:24:31,-9.71,118.6783,12.9,2.61,71 km BaratDaya Kab. Sumba Barat Daya-NTT,
775,2026-02-28,22:53:12,-7.72,117.2775,11.0,3.05,87 km Utara Kab. Sumbawa-NTB,
